term,gene
Hepatocellular carcinoma geneset,3265
Hepatocellular carcinoma geneset,10395
Hepatocellular carcinoma geneset,10413
Hepatocellular carcinoma geneset,1499
Hepatocellular carcinoma geneset,174
Hepatocellular carcinoma geneset,207
Hepatocellular carcinoma geneset,213
Hepatocellular carcinoma geneset,2719
Hepatocellular carcinoma geneset,3091
Hepatocellular carcinoma geneset,4072
Hepatocellular carcinoma geneset,5290
Hepatocellular carcinoma geneset,5291
Hepatocellular carcinoma geneset,5293
Hepatocellular carcinoma geneset,5294
Hepatocellular carcinoma geneset,5728
Hepatocellular carcinoma geneset,6774
Hepatocellular carcinoma geneset,7157
Hepatocellular carcinoma geneset,7422
Hepatocellular carcinoma geneset,8743
Hepatocellular carcinoma geneset,8842
Hepatocellular carcinoma geneset,960
Hepatocellular carcinoma geneset,4609
Hepatocellular carcinoma geneset,5243
Hepatocellular carcinoma geneset,5594
Hepatocellular carcinoma geneset,5743
Hepatocellular carcinoma geneset,596
Hepatocellular carcinoma geneset,7070
Hepatocellular carcinoma geneset,7124
Hepatocellular carcinoma geneset,1029
Hepatocellular carcinoma geneset,1956
Hepatocellular carcinoma geneset,23411
Hepatocellular carcinoma geneset,4780
Hepatocellular carcinoma geneset,595
Hepatocellular carcinoma geneset,11009
Hepatocellular carcinoma geneset,2896
Hepatocellular carcinoma geneset,3569
Hepatocellular carcinoma geneset,5315
Hepatocellular carcinoma geneset,6868
Hepatocellular carcinoma geneset,7040
Hepatocellular carcinoma geneset,836
Hepatocellular carcinoma geneset,9940
Hepatocellular carcinoma geneset,1869
Hepatocellular carcinoma geneset,27232
Hepatocellular carcinoma geneset,3172
Hepatocellular carcinoma geneset,3383
Hepatocellular carcinoma geneset,392
Hepatocellular carcinoma geneset,4233
Hepatocellular carcinoma geneset,5468
Hepatocellular carcinoma geneset,6528
Hepatocellular carcinoma geneset,8091
Hepatocellular carcinoma geneset,92140
Hepatocellular carcinoma geneset,22914
Hepatocellular carcinoma geneset,2305
Hepatocellular carcinoma geneset,28951
Hepatocellular carcinoma geneset,290
Hepatocellular carcinoma geneset,5465
Hepatocellular carcinoma geneset,648
Hepatocellular carcinoma geneset,7027
Hepatocellular carcinoma geneset,7039
Hepatocellular carcinoma geneset,79923
Hepatocellular carcinoma geneset,8877
Hepatocellular carcinoma geneset,196
Hepatocellular carcinoma geneset,2146
Hepatocellular carcinoma geneset,217
Hepatocellular carcinoma geneset,2875
Hepatocellular carcinoma geneset,3066
Hepatocellular carcinoma geneset,3077
Hepatocellular carcinoma geneset,3099
Hepatocellular carcinoma geneset,3309
Hepatocellular carcinoma geneset,3429
Hepatocellular carcinoma geneset,3439
Hepatocellular carcinoma geneset,3558
Hepatocellular carcinoma geneset,3576
Hepatocellular carcinoma geneset,3725
Hepatocellular carcinoma geneset,4144
Hepatocellular carcinoma geneset,4193
Hepatocellular carcinoma geneset,5562
Hepatocellular carcinoma geneset,5563
Hepatocellular carcinoma geneset,5564
Hepatocellular carcinoma geneset,5595
Hepatocellular carcinoma geneset,5599
Hepatocellular carcinoma geneset,5716
Hepatocellular carcinoma geneset,6098
Hepatocellular carcinoma geneset,7015
Hepatocellular carcinoma geneset,80339
Hepatocellular carcinoma geneset,80781
Hepatocellular carcinoma geneset,8313
Hepatocellular carcinoma geneset,8878
Hepatocellular carcinoma geneset,1017
Hepatocellular carcinoma geneset,10499
Hepatocellular carcinoma geneset,10891
Hepatocellular carcinoma geneset,1525
Hepatocellular carcinoma geneset,1571
Hepatocellular carcinoma geneset,1646
Hepatocellular carcinoma geneset,182
Hepatocellular carcinoma geneset,1950
Hepatocellular carcinoma geneset,214
Hepatocellular carcinoma geneset,22943
Hepatocellular carcinoma geneset,2308
Hepatocellular carcinoma geneset,231
Hepatocellular carcinoma geneset,23326
Hepatocellular carcinoma geneset,23705
Hepatocellular carcinoma geneset,2475
Hepatocellular carcinoma geneset,29072
Hepatocellular carcinoma geneset,29126
Hepatocellular carcinoma geneset,302
Hepatocellular carcinoma geneset,3082
Hepatocellular carcinoma geneset,3146
Hepatocellular carcinoma geneset,3169
Hepatocellular carcinoma geneset,3315
Hepatocellular carcinoma geneset,3337
Hepatocellular carcinoma geneset,3339
Hepatocellular carcinoma geneset,3479
Hepatocellular carcinoma geneset,3480
Hepatocellular carcinoma geneset,3934
Hepatocellular carcinoma geneset,4170
Hepatocellular carcinoma geneset,4209
Hepatocellular carcinoma geneset,4313
Hepatocellular carcinoma geneset,4524
Hepatocellular carcinoma geneset,4851
Hepatocellular carcinoma geneset,5111
Hepatocellular carcinoma geneset,51280
Hepatocellular carcinoma geneset,5133
Hepatocellular carcinoma geneset,51547
Hepatocellular carcinoma geneset,5245
Hepatocellular carcinoma geneset,5347
Hepatocellular carcinoma geneset,5460
Hepatocellular carcinoma geneset,5573
Hepatocellular carcinoma geneset,5609
Hepatocellular carcinoma geneset,57447
Hepatocellular carcinoma geneset,5781
Hepatocellular carcinoma geneset,6304
Hepatocellular carcinoma geneset,6657
Hepatocellular carcinoma geneset,6696
Hepatocellular carcinoma geneset,6794
Hepatocellular carcinoma geneset,7099
Hepatocellular carcinoma geneset,7291
Hepatocellular carcinoma geneset,7515
Hepatocellular carcinoma geneset,8473
Hepatocellular carcinoma geneset,857
Hepatocellular carcinoma geneset,8678
Hepatocellular carcinoma geneset,8841
Hepatocellular carcinoma geneset,8856
Hepatocellular carcinoma geneset,90627
Hepatocellular carcinoma geneset,9970
Hepatocellular carcinoma geneset,10011
Hepatocellular carcinoma geneset,100507436
Hepatocellular carcinoma geneset,10059
Hepatocellular carcinoma geneset,10062
Hepatocellular carcinoma geneset,10232
Hepatocellular carcinoma geneset,10253
Hepatocellular carcinoma geneset,1033
Hepatocellular carcinoma geneset,10404
Hepatocellular carcinoma geneset,1050
Hepatocellular carcinoma geneset,105371045
Hepatocellular carcinoma geneset,10577
Hepatocellular carcinoma geneset,10631
Hepatocellular carcinoma geneset,10658
Hepatocellular carcinoma geneset,10855
Hepatocellular carcinoma geneset,10935
Hepatocellular carcinoma geneset,11060
Hepatocellular carcinoma geneset,113130
Hepatocellular carcinoma geneset,1163
Hepatocellular carcinoma geneset,1385
Hepatocellular carcinoma geneset,142
Hepatocellular carcinoma geneset,1490
Hepatocellular carcinoma geneset,1634
Hepatocellular carcinoma geneset,1728
Hepatocellular carcinoma geneset,1786
Hepatocellular carcinoma geneset,1788
Hepatocellular carcinoma geneset,1958
Hepatocellular carcinoma geneset,200315
Hepatocellular carcinoma geneset,2017
Hepatocellular carcinoma geneset,2034
Hepatocellular carcinoma geneset,2184
Hepatocellular carcinoma geneset,2185
Hepatocellular carcinoma geneset,2194
Hepatocellular carcinoma geneset,2203
Hepatocellular carcinoma geneset,221937
Hepatocellular carcinoma geneset,2272
Hepatocellular carcinoma geneset,22882
Hepatocellular carcinoma geneset,22934
Hepatocellular carcinoma geneset,23028
Hepatocellular carcinoma geneset,2309
Hepatocellular carcinoma geneset,2324
Hepatocellular carcinoma geneset,2335
Hepatocellular carcinoma geneset,23468
Hepatocellular carcinoma geneset,23481
Hepatocellular carcinoma geneset,23512
Hepatocellular carcinoma geneset,2353
Hepatocellular carcinoma geneset,2597
Hepatocellular carcinoma geneset,26230
Hepatocellular carcinoma geneset,2626
Hepatocellular carcinoma geneset,2645
Hepatocellular carcinoma geneset,26471
Hepatocellular carcinoma geneset,26524
Hepatocellular carcinoma geneset,2678
Hepatocellular carcinoma geneset,2697
Hepatocellular carcinoma geneset,282617
Hepatocellular carcinoma geneset,29028
Hepatocellular carcinoma geneset,3065
Hepatocellular carcinoma geneset,30968
Hepatocellular carcinoma geneset,310
Hepatocellular carcinoma geneset,3159
Hepatocellular carcinoma geneset,3178
Hepatocellular carcinoma geneset,3295
Hepatocellular carcinoma geneset,331
Hepatocellular carcinoma geneset,3313
Hepatocellular carcinoma geneset,3417
Hepatocellular carcinoma geneset,3458
Hepatocellular carcinoma geneset,3481
Hepatocellular carcinoma geneset,355
Hepatocellular carcinoma geneset,3586
Hepatocellular carcinoma geneset,3605
Hepatocellular carcinoma geneset,3608
Hepatocellular carcinoma geneset,3716
Hepatocellular carcinoma geneset,3717
Hepatocellular carcinoma geneset,3726
Hepatocellular carcinoma geneset,3791
Hepatocellular carcinoma geneset,3959
Hepatocellular carcinoma geneset,4082
Hepatocellular carcinoma geneset,4087
Hepatocellular carcinoma geneset,4088
Hepatocellular carcinoma geneset,4092
Hepatocellular carcinoma geneset,4143
Hepatocellular carcinoma geneset,4283
Hepatocellular carcinoma geneset,4288
Hepatocellular carcinoma geneset,4318
Hepatocellular carcinoma geneset,435
Hepatocellular carcinoma geneset,444
Hepatocellular carcinoma geneset,4485
Hepatocellular carcinoma geneset,4582
Hepatocellular carcinoma geneset,4613
Hepatocellular carcinoma geneset,4854
Hepatocellular carcinoma geneset,50943
Hepatocellular carcinoma geneset,51085
Hepatocellular carcinoma geneset,51164
Hepatocellular carcinoma geneset,51441
Hepatocellular carcinoma geneset,51548
Hepatocellular carcinoma geneset,5300
Hepatocellular carcinoma geneset,5328
Hepatocellular carcinoma geneset,540
Hepatocellular carcinoma geneset,54739
Hepatocellular carcinoma geneset,55353
Hepatocellular carcinoma geneset,55432
Hepatocellular carcinoma geneset,57016
Hepatocellular carcinoma geneset,57019
Hepatocellular carcinoma geneset,57154
Hepatocellular carcinoma geneset,57167
Hepatocellular carcinoma geneset,5733
Hepatocellular carcinoma geneset,5747
Hepatocellular carcinoma geneset,581
Hepatocellular carcinoma geneset,5894
Hepatocellular carcinoma geneset,5920
Hepatocellular carcinoma geneset,5970
Hepatocellular carcinoma geneset,6317
Hepatocellular carcinoma geneset,6319
Hepatocellular carcinoma geneset,6421
Hepatocellular carcinoma geneset,6426
Hepatocellular carcinoma geneset,6472
Hepatocellular carcinoma geneset,6502
Hepatocellular carcinoma geneset,6524
Hepatocellular carcinoma geneset,6646
Hepatocellular carcinoma geneset,6648
Hepatocellular carcinoma geneset,6714
Hepatocellular carcinoma geneset,673
Hepatocellular carcinoma geneset,6790
Hepatocellular carcinoma geneset,682
Hepatocellular carcinoma geneset,6926
Hepatocellular carcinoma geneset,6935
Hepatocellular carcinoma geneset,7104
Hepatocellular carcinoma geneset,7184
Hepatocellular carcinoma geneset,7272
Hepatocellular carcinoma geneset,729230
Hepatocellular carcinoma geneset,7364
Hepatocellular carcinoma geneset,7461
Hepatocellular carcinoma geneset,7514
Hepatocellular carcinoma geneset,7538
Hepatocellular carcinoma geneset,7852
Hepatocellular carcinoma geneset,8100
Hepatocellular carcinoma geneset,8140
Hepatocellular carcinoma geneset,83932
Hepatocellular carcinoma geneset,841
Hepatocellular carcinoma geneset,8431
Hepatocellular carcinoma geneset,8437
Hepatocellular carcinoma geneset,84654
Hepatocellular carcinoma geneset,864
Hepatocellular carcinoma geneset,8644
Hepatocellular carcinoma geneset,8660
Hepatocellular carcinoma geneset,8737
Hepatocellular carcinoma geneset,8795
Hepatocellular carcinoma geneset,8797
Hepatocellular carcinoma geneset,8850
Hepatocellular carcinoma geneset,8880
Hepatocellular carcinoma geneset,8932
Hepatocellular carcinoma geneset,898
Hepatocellular carcinoma geneset,9043
Hepatocellular carcinoma geneset,9094
Hepatocellular carcinoma geneset,9104
Hepatocellular carcinoma geneset,9146
Hepatocellular carcinoma geneset,9368
Hepatocellular carcinoma geneset,9429
Hepatocellular carcinoma geneset,947
Hepatocellular carcinoma geneset,9518
Hepatocellular carcinoma geneset,9582
Hepatocellular carcinoma geneset,9768
Hepatocellular carcinoma geneset,9839
Hepatocellular carcinoma geneset,9927
Hepatocellular carcinoma geneset,9971
Hepatocellular carcinoma geneset,10000
Hepatocellular carcinoma geneset,10002
Hepatocellular carcinoma geneset,10013
Hepatocellular carcinoma geneset,100133941
Hepatocellular carcinoma geneset,10024
Hepatocellular carcinoma geneset,10052
Hepatocellular carcinoma geneset,10058
Hepatocellular carcinoma geneset,10096
Hepatocellular carcinoma geneset,10131
Hepatocellular carcinoma geneset,102
Hepatocellular carcinoma geneset,10213
Hepatocellular carcinoma geneset,10220
Hepatocellular carcinoma geneset,10225
Hepatocellular carcinoma geneset,1026
Hepatocellular carcinoma geneset,10262
Hepatocellular carcinoma geneset,10268
Hepatocellular carcinoma geneset,1027
Hepatocellular carcinoma geneset,103
Hepatocellular carcinoma geneset,10397
Hepatocellular carcinoma geneset,10400
Hepatocellular carcinoma geneset,1048
Hepatocellular carcinoma geneset,1051
Hepatocellular carcinoma geneset,1052
Hepatocellular carcinoma geneset,10524
Hepatocellular carcinoma geneset,10542
Hepatocellular carcinoma geneset,10599
Hepatocellular carcinoma geneset,10612
Hepatocellular carcinoma geneset,10628
Hepatocellular carcinoma geneset,10642
Hepatocellular carcinoma geneset,10645
Hepatocellular carcinoma geneset,10664
Hepatocellular carcinoma geneset,10733
Hepatocellular carcinoma geneset,10788
Hepatocellular carcinoma geneset,1084
Hepatocellular carcinoma geneset,10894
Hepatocellular carcinoma geneset,10912
Hepatocellular carcinoma geneset,10919
Hepatocellular carcinoma geneset,10927
Hepatocellular carcinoma geneset,11016
Hepatocellular carcinoma geneset,1108
Hepatocellular carcinoma geneset,1111
Hepatocellular carcinoma geneset,1116
Hepatocellular carcinoma geneset,11186
Hepatocellular carcinoma geneset,11232
Hepatocellular carcinoma geneset,112616
Hepatocellular carcinoma geneset,11335
Hepatocellular carcinoma geneset,11339
Hepatocellular carcinoma geneset,114548
Hepatocellular carcinoma geneset,1147
Hepatocellular carcinoma geneset,114757
Hepatocellular carcinoma geneset,115509
Hepatocellular carcinoma geneset,116447
Hepatocellular carcinoma geneset,1192
Hepatocellular carcinoma geneset,12
Hepatocellular carcinoma geneset,124540
Hepatocellular carcinoma geneset,127700
Hepatocellular carcinoma geneset,128209
Hepatocellular carcinoma geneset,129563
Hepatocellular carcinoma geneset,1312
Hepatocellular carcinoma geneset,1365
Hepatocellular carcinoma geneset,1373
Hepatocellular carcinoma geneset,1374
Hepatocellular carcinoma geneset,1386
Hepatocellular carcinoma geneset,139341
Hepatocellular carcinoma geneset,1432
Hepatocellular carcinoma geneset,1434
Hepatocellular carcinoma geneset,144165
Hepatocellular carcinoma geneset,144455
Hepatocellular carcinoma geneset,1462
Hepatocellular carcinoma geneset,147841
Hepatocellular carcinoma geneset,1485
Hepatocellular carcinoma geneset,1500
Hepatocellular carcinoma geneset,1559
Hepatocellular carcinoma geneset,1565
Hepatocellular carcinoma geneset,157753
Hepatocellular carcinoma geneset,1586
Hepatocellular carcinoma geneset,1588
Hepatocellular carcinoma geneset,1654
Hepatocellular carcinoma geneset,1660
Hepatocellular carcinoma geneset,1672
Hepatocellular carcinoma geneset,168002
Hepatocellular carcinoma geneset,1735
Hepatocellular carcinoma geneset,1738
Hepatocellular carcinoma geneset,1803
Hepatocellular carcinoma geneset,1806
Hepatocellular carcinoma geneset,1855
Hepatocellular carcinoma geneset,1870
Hepatocellular carcinoma geneset,1892
Hepatocellular carcinoma geneset,1909
Hepatocellular carcinoma geneset,1965
Hepatocellular carcinoma geneset,196528
Hepatocellular carcinoma geneset,1977
Hepatocellular carcinoma geneset,1991
Hepatocellular carcinoma geneset,2002
Hepatocellular carcinoma geneset,2004
Hepatocellular carcinoma geneset,200765
Hepatocellular carcinoma geneset,2022
Hepatocellular carcinoma geneset,2023
Hepatocellular carcinoma geneset,2029
Hepatocellular carcinoma geneset,2064
Hepatocellular carcinoma geneset,2068
Hepatocellular carcinoma geneset,2078
Hepatocellular carcinoma geneset,2099
Hepatocellular carcinoma geneset,2100
Hepatocellular carcinoma geneset,2101
Hepatocellular carcinoma geneset,2104
Hepatocellular carcinoma geneset,2167
Hepatocellular carcinoma geneset,2180
Hepatocellular carcinoma geneset,220213
Hepatocellular carcinoma geneset,2241
Hepatocellular carcinoma geneset,2264
Hepatocellular carcinoma geneset,2273
Hepatocellular carcinoma geneset,2274
Hepatocellular carcinoma geneset,2275
Hepatocellular carcinoma geneset,22880
Hepatocellular carcinoma geneset,22937
Hepatocellular carcinoma geneset,2296
Hepatocellular carcinoma geneset,22974
Hepatocellular carcinoma geneset,23185
Hepatocellular carcinoma geneset,23213
Hepatocellular carcinoma geneset,23408
Hepatocellular carcinoma geneset,23413
Hepatocellular carcinoma geneset,23476
Hepatocellular carcinoma geneset,23650
Hepatocellular carcinoma geneset,23657
Hepatocellular carcinoma geneset,250
Hepatocellular carcinoma geneset,252839
Hepatocellular carcinoma geneset,2539
Hepatocellular carcinoma geneset,256394
Hepatocellular carcinoma geneset,25788
Hepatocellular carcinoma geneset,25937
Hepatocellular carcinoma geneset,25939
Hepatocellular carcinoma geneset,25984
Hepatocellular carcinoma geneset,26073
Hepatocellular carcinoma geneset,261726
Hepatocellular carcinoma geneset,2625
Hepatocellular carcinoma geneset,26276
Hepatocellular carcinoma geneset,26503
Hepatocellular carcinoma geneset,2658
Hepatocellular carcinoma geneset,27044
Hepatocellular carcinoma geneset,27122
Hepatocellular carcinoma geneset,2735
Hepatocellular carcinoma geneset,2737
Hepatocellular carcinoma geneset,274
Hepatocellular carcinoma geneset,27430
Hepatocellular carcinoma geneset,2829
Hepatocellular carcinoma geneset,2833
Hepatocellular carcinoma geneset,284111
Hepatocellular carcinoma geneset,285
Hepatocellular carcinoma geneset,2852
Hepatocellular carcinoma geneset,286077
Hepatocellular carcinoma geneset,286133
Hepatocellular carcinoma geneset,28959
Hepatocellular carcinoma geneset,2944
Hepatocellular carcinoma geneset,2950
Hepatocellular carcinoma geneset,2952
Hepatocellular carcinoma geneset,29766
Hepatocellular carcinoma geneset,29948
Hepatocellular carcinoma geneset,306
Hepatocellular carcinoma geneset,3075
Hepatocellular carcinoma geneset,308
Hepatocellular carcinoma geneset,3083
Hepatocellular carcinoma geneset,3098
Hepatocellular carcinoma geneset,31
Hepatocellular carcinoma geneset,3105
Hepatocellular carcinoma geneset,3123
Hepatocellular carcinoma geneset,3145
Hepatocellular carcinoma geneset,3149
Hepatocellular carcinoma geneset,3156
Hepatocellular carcinoma geneset,3164
Hepatocellular carcinoma geneset,3170
Hepatocellular carcinoma geneset,3181
Hepatocellular carcinoma geneset,3183
Hepatocellular carcinoma geneset,3192
Hepatocellular carcinoma geneset,3204
Hepatocellular carcinoma geneset,3206
Hepatocellular carcinoma geneset,3209
Hepatocellular carcinoma geneset,324
Hepatocellular carcinoma geneset,3242
Hepatocellular carcinoma geneset,328
Hepatocellular carcinoma geneset,330
Hepatocellular carcinoma geneset,3304
Hepatocellular carcinoma geneset,3308
Hepatocellular carcinoma geneset,340273
Hepatocellular carcinoma geneset,3418
Hepatocellular carcinoma geneset,3456
Hepatocellular carcinoma geneset,345651
Hepatocellular carcinoma geneset,348
Hepatocellular carcinoma geneset,3482
Hepatocellular carcinoma geneset,3484
Hepatocellular carcinoma geneset,3486
Hepatocellular carcinoma geneset,3572
Hepatocellular carcinoma geneset,3577
Hepatocellular carcinoma geneset,3611
Hepatocellular carcinoma geneset,362
Hepatocellular carcinoma geneset,366
Hepatocellular carcinoma geneset,3667
Hepatocellular carcinoma geneset,367
Hepatocellular carcinoma geneset,3673
Hepatocellular carcinoma geneset,3679
Hepatocellular carcinoma geneset,3732
Hepatocellular carcinoma geneset,374
Hepatocellular carcinoma geneset,3815
Hepatocellular carcinoma geneset,382
Hepatocellular carcinoma geneset,3838
Hepatocellular carcinoma geneset,3845
Hepatocellular carcinoma geneset,3853
Hepatocellular carcinoma geneset,387
Hepatocellular carcinoma geneset,3880
Hepatocellular carcinoma geneset,389421
Hepatocellular carcinoma geneset,389874
Hepatocellular carcinoma geneset,3925
Hepatocellular carcinoma geneset,3952
Hepatocellular carcinoma geneset,3953
Hepatocellular carcinoma geneset,3956
Hepatocellular carcinoma geneset,3965
Hepatocellular carcinoma geneset,4001
Hepatocellular carcinoma geneset,4015
Hepatocellular carcinoma geneset,405
Hepatocellular carcinoma geneset,4097
Hepatocellular carcinoma geneset,4100
Hepatocellular carcinoma geneset,412
Hepatocellular carcinoma geneset,4124
Hepatocellular carcinoma geneset,4153
Hepatocellular carcinoma geneset,4221
Hepatocellular carcinoma geneset,4255
Hepatocellular carcinoma geneset,4292
Hepatocellular carcinoma geneset,4323
Hepatocellular carcinoma geneset,4335
Hepatocellular carcinoma geneset,4353
Hepatocellular carcinoma geneset,4360
Hepatocellular carcinoma geneset,4363
Hepatocellular carcinoma geneset,4436
Hepatocellular carcinoma geneset,4440
Hepatocellular carcinoma geneset,4548
Hepatocellular carcinoma geneset,4552
Hepatocellular carcinoma geneset,4585
Hepatocellular carcinoma geneset,4616
Hepatocellular carcinoma geneset,462
Hepatocellular carcinoma geneset,4638
Hepatocellular carcinoma geneset,467
Hepatocellular carcinoma geneset,4678
Hepatocellular carcinoma geneset,468
Hepatocellular carcinoma geneset,4683
Hepatocellular carcinoma geneset,4690
Hepatocellular carcinoma geneset,4734
Hepatocellular carcinoma geneset,4735
Hepatocellular carcinoma geneset,4739
Hepatocellular carcinoma geneset,4751
Hepatocellular carcinoma geneset,4771
Hepatocellular carcinoma geneset,4790
Hepatocellular carcinoma geneset,4792
Hepatocellular carcinoma geneset,4830
Hepatocellular carcinoma geneset,4841
Hepatocellular carcinoma geneset,4869
Hepatocellular carcinoma geneset,4893
Hepatocellular carcinoma geneset,493856
Hepatocellular carcinoma geneset,4942
Hepatocellular carcinoma geneset,4953
Hepatocellular carcinoma geneset,4982
Hepatocellular carcinoma geneset,4988
Hepatocellular carcinoma geneset,5004
Hepatocellular carcinoma geneset,5008
Hepatocellular carcinoma geneset,501
Hepatocellular carcinoma geneset,5034
Hepatocellular carcinoma geneset,5037
Hepatocellular carcinoma geneset,50507
Hepatocellular carcinoma geneset,5052
Hepatocellular carcinoma geneset,50616
Hepatocellular carcinoma geneset,50628
Hepatocellular carcinoma geneset,5068
Hepatocellular carcinoma geneset,5071
Hepatocellular carcinoma geneset,5090
Hepatocellular carcinoma geneset,51
Hepatocellular carcinoma geneset,51009
Hepatocellular carcinoma geneset,5105
Hepatocellular carcinoma geneset,5106
Hepatocellular carcinoma geneset,51084
Hepatocellular carcinoma geneset,51129
Hepatocellular carcinoma geneset,51142
Hepatocellular carcinoma geneset,51176
Hepatocellular carcinoma geneset,51231
Hepatocellular carcinoma geneset,51278
Hepatocellular carcinoma geneset,51330
Hepatocellular carcinoma geneset,5134
Hepatocellular carcinoma geneset,51438
Hepatocellular carcinoma geneset,51506
Hepatocellular carcinoma geneset,51529
Hepatocellular carcinoma geneset,5156
Hepatocellular carcinoma geneset,51603
Hepatocellular carcinoma geneset,51663
Hepatocellular carcinoma geneset,51701
Hepatocellular carcinoma geneset,51741
Hepatocellular carcinoma geneset,5176
Hepatocellular carcinoma geneset,5205
Hepatocellular carcinoma geneset,5230
Hepatocellular carcinoma geneset,5244
Hepatocellular carcinoma geneset,5257
Hepatocellular carcinoma geneset,5265
Hepatocellular carcinoma geneset,53345
Hepatocellular carcinoma geneset,5339
Hepatocellular carcinoma geneset,53615
Hepatocellular carcinoma geneset,53827
Hepatocellular carcinoma geneset,53938
Hepatocellular carcinoma geneset,54210
Hepatocellular carcinoma geneset,5434
Hepatocellular carcinoma geneset,5451
Hepatocellular carcinoma geneset,54658
Hepatocellular carcinoma geneset,54881
Hepatocellular carcinoma geneset,5498
Hepatocellular carcinoma geneset,54984
Hepatocellular carcinoma geneset,55249
Hepatocellular carcinoma geneset,55275
Hepatocellular carcinoma geneset,55365
Hepatocellular carcinoma geneset,55544
Hepatocellular carcinoma geneset,55655
Hepatocellular carcinoma geneset,55727
Hepatocellular carcinoma geneset,55753
Hepatocellular carcinoma geneset,5584
Hepatocellular carcinoma geneset,55872
Hepatocellular carcinoma geneset,55893
Hepatocellular carcinoma geneset,55959
Hepatocellular carcinoma geneset,5597
Hepatocellular carcinoma geneset,5604
Hepatocellular carcinoma geneset,56163
Hepatocellular carcinoma geneset,5617
Hepatocellular carcinoma geneset,56477
Hepatocellular carcinoma geneset,56848
Hepatocellular carcinoma geneset,56884
Hepatocellular carcinoma geneset,56892
Hepatocellular carcinoma geneset,56984
Hepatocellular carcinoma geneset,57007
Hepatocellular carcinoma geneset,5710
Hepatocellular carcinoma geneset,57103
Hepatocellular carcinoma geneset,5725
Hepatocellular carcinoma geneset,57403
Hepatocellular carcinoma geneset,57506
Hepatocellular carcinoma geneset,5757
Hepatocellular carcinoma geneset,57608
Hepatocellular carcinoma geneset,57646
Hepatocellular carcinoma geneset,57650
Hepatocellular carcinoma geneset,57720
Hepatocellular carcinoma geneset,57798
Hepatocellular carcinoma geneset,5800
Hepatocellular carcinoma geneset,58490
Hepatocellular carcinoma geneset,586
Hepatocellular carcinoma geneset,5879
Hepatocellular carcinoma geneset,5901
Hepatocellular carcinoma geneset,5914
Hepatocellular carcinoma geneset,5915
Hepatocellular carcinoma geneset,5921
Hepatocellular carcinoma geneset,5922
Hepatocellular carcinoma geneset,5965
Hepatocellular carcinoma geneset,597
Hepatocellular carcinoma geneset,60
Hepatocellular carcinoma geneset,60489
Hepatocellular carcinoma geneset,6091
Hepatocellular carcinoma geneset,6117
Hepatocellular carcinoma geneset,6120
Hepatocellular carcinoma geneset,6232
Hepatocellular carcinoma geneset,6277
Hepatocellular carcinoma geneset,6296
Hepatocellular carcinoma geneset,634
Hepatocellular carcinoma geneset,6343
Hepatocellular carcinoma geneset,6344
Hepatocellular carcinoma geneset,6364
Hepatocellular carcinoma geneset,6387
Hepatocellular carcinoma geneset,6403
Hepatocellular carcinoma geneset,6414
Hepatocellular carcinoma geneset,64328
Hepatocellular carcinoma geneset,64419
Hepatocellular carcinoma geneset,6462
Hepatocellular carcinoma geneset,6469
Hepatocellular carcinoma geneset,64778
Hepatocellular carcinoma geneset,64850
Hepatocellular carcinoma geneset,64881
Hepatocellular carcinoma geneset,650
Hepatocellular carcinoma geneset,65108
Hepatocellular carcinoma geneset,6513
Hepatocellular carcinoma geneset,6517
Hepatocellular carcinoma geneset,6520
Hepatocellular carcinoma geneset,6554
Hepatocellular carcinoma geneset,657
Hepatocellular carcinoma geneset,6573
Hepatocellular carcinoma geneset,6590
Hepatocellular carcinoma geneset,6597
Hepatocellular carcinoma geneset,6609
Hepatocellular carcinoma geneset,6612
Hepatocellular carcinoma geneset,6613
Hepatocellular carcinoma geneset,6615
Hepatocellular carcinoma geneset,6623
Hepatocellular carcinoma geneset,6624
Hepatocellular carcinoma geneset,6659
Hepatocellular carcinoma geneset,6667
Hepatocellular carcinoma geneset,6690
Hepatocellular carcinoma geneset,6716
Hepatocellular carcinoma geneset,6737
Hepatocellular carcinoma geneset,6818
Hepatocellular carcinoma geneset,6894
Hepatocellular carcinoma geneset,6927
Hepatocellular carcinoma geneset,6928
Hepatocellular carcinoma geneset,6934
Hepatocellular carcinoma geneset,7001
Hepatocellular carcinoma geneset,7014
Hepatocellular carcinoma geneset,7024
Hepatocellular carcinoma geneset,7042
Hepatocellular carcinoma geneset,7046
Hepatocellular carcinoma geneset,7076
Hepatocellular carcinoma geneset,7082
Hepatocellular carcinoma geneset,7094
Hepatocellular carcinoma geneset,71
Hepatocellular carcinoma geneset,7114
Hepatocellular carcinoma geneset,7132
Hepatocellular carcinoma geneset,7150
Hepatocellular carcinoma geneset,7170
Hepatocellular carcinoma geneset,7178
Hepatocellular carcinoma geneset,7186
Hepatocellular carcinoma geneset,7187
Hepatocellular carcinoma geneset,7216
Hepatocellular carcinoma geneset,7251
Hepatocellular carcinoma geneset,7258
Hepatocellular carcinoma geneset,7276
Hepatocellular carcinoma geneset,7296
Hepatocellular carcinoma geneset,7341
Hepatocellular carcinoma geneset,7381
Hepatocellular carcinoma geneset,7412
Hepatocellular carcinoma geneset,7421
Hepatocellular carcinoma geneset,7443
Hepatocellular carcinoma geneset,7465
Hepatocellular carcinoma geneset,7490
Hepatocellular carcinoma geneset,7517
Hepatocellular carcinoma geneset,7518
Hepatocellular carcinoma geneset,7520
Hepatocellular carcinoma geneset,753
Hepatocellular carcinoma geneset,7543
Hepatocellular carcinoma geneset,7546
Hepatocellular carcinoma geneset,7707
Hepatocellular carcinoma geneset,7750
Hepatocellular carcinoma geneset,780
Hepatocellular carcinoma geneset,7849
Hepatocellular carcinoma geneset,79019
Hepatocellular carcinoma geneset,79026
Hepatocellular carcinoma geneset,79071
Hepatocellular carcinoma geneset,79258
Hepatocellular carcinoma geneset,79574
Hepatocellular carcinoma geneset,79618
Hepatocellular carcinoma geneset,79623
Hepatocellular carcinoma geneset,79626
Hepatocellular carcinoma geneset,79727
Hepatocellular carcinoma geneset,79805
Hepatocellular carcinoma geneset,79869
Hepatocellular carcinoma geneset,79955
Hepatocellular carcinoma geneset,79971
Hepatocellular carcinoma geneset,80243
Hepatocellular carcinoma geneset,80312
Hepatocellular carcinoma geneset,80315
Hepatocellular carcinoma geneset,80725
Hepatocellular carcinoma geneset,810
Hepatocellular carcinoma geneset,814
Hepatocellular carcinoma geneset,81532
Hepatocellular carcinoma geneset,81567
Hepatocellular carcinoma geneset,81631
Hepatocellular carcinoma geneset,81858
Hepatocellular carcinoma geneset,81930
Hepatocellular carcinoma geneset,8202
Hepatocellular carcinoma geneset,8208
Hepatocellular carcinoma geneset,827
Hepatocellular carcinoma geneset,8289
Hepatocellular carcinoma geneset,8295
Hepatocellular carcinoma geneset,8323
Hepatocellular carcinoma geneset,83439
Hepatocellular carcinoma geneset,83461
Hepatocellular carcinoma geneset,83667
Hepatocellular carcinoma geneset,837
Hepatocellular carcinoma geneset,8379
Hepatocellular carcinoma geneset,8405
Hepatocellular carcinoma geneset,8407
Hepatocellular carcinoma geneset,84171
Hepatocellular carcinoma geneset,84193
Hepatocellular carcinoma geneset,842
Hepatocellular carcinoma geneset,8443
Hepatocellular carcinoma geneset,8445
Hepatocellular carcinoma geneset,8451
Hepatocellular carcinoma geneset,84519
Hepatocellular carcinoma geneset,8462
Hepatocellular carcinoma geneset,84749
Hepatocellular carcinoma geneset,84864
Hepatocellular carcinoma geneset,84868
Hepatocellular carcinoma geneset,8490
Hepatocellular carcinoma geneset,8503
Hepatocellular carcinoma geneset,8505
Hepatocellular carcinoma geneset,8517
Hepatocellular carcinoma geneset,8574
Hepatocellular carcinoma geneset,8607
Hepatocellular carcinoma geneset,8650
Hepatocellular carcinoma geneset,8682
Hepatocellular carcinoma geneset,8685
Hepatocellular carcinoma geneset,8714
Hepatocellular carcinoma geneset,8741
Hepatocellular carcinoma geneset,8771
Hepatocellular carcinoma geneset,8772
Hepatocellular carcinoma geneset,8788
Hepatocellular carcinoma geneset,8826
Hepatocellular carcinoma geneset,8833
Hepatocellular carcinoma geneset,8835
Hepatocellular carcinoma geneset,8837
Hepatocellular carcinoma geneset,8838
Hepatocellular carcinoma geneset,890
Hepatocellular carcinoma geneset,891
Hepatocellular carcinoma geneset,8945
Hepatocellular carcinoma geneset,8974
Hepatocellular carcinoma geneset,89780
Hepatocellular carcinoma geneset,9021
Hepatocellular carcinoma geneset,9032
Hepatocellular carcinoma geneset,9076
Hepatocellular carcinoma geneset,9077
Hepatocellular carcinoma geneset,9113
Hepatocellular carcinoma geneset,9156
Hepatocellular carcinoma geneset,91614
Hepatocellular carcinoma geneset,922
Hepatocellular carcinoma geneset,9221
Hepatocellular carcinoma geneset,9232
Hepatocellular carcinoma geneset,9261
Hepatocellular carcinoma geneset,9271
Hepatocellular carcinoma geneset,929
Hepatocellular carcinoma geneset,9322
Hepatocellular carcinoma geneset,9360
Hepatocellular carcinoma geneset,9365
Hepatocellular carcinoma geneset,9370
Hepatocellular carcinoma geneset,9423
Hepatocellular carcinoma geneset,94241
Hepatocellular carcinoma geneset,9453
Hepatocellular carcinoma geneset,9557
Hepatocellular carcinoma geneset,9589
Hepatocellular carcinoma geneset,9631
Hepatocellular carcinoma geneset,9636
Hepatocellular carcinoma geneset,9655
Hepatocellular carcinoma geneset,9682
Hepatocellular carcinoma geneset,9734
Hepatocellular carcinoma geneset,977
Hepatocellular carcinoma geneset,9794
Hepatocellular carcinoma geneset,98
Hepatocellular carcinoma geneset,9965
Hepatocellular carcinoma geneset,9978
