syndrome of liver depression and spleen deficiency,1,29974,144568,16,18,19,10349,26154,154664,20,21,24,23461,10347,10350,23456,22885,34,84320,43,51,52,55,93650,54,390928,49,64431,8038,54507,23536,108,283383,347088,2015,30817,84658,266977,222611,165082,221393,221395,10149,222487,139378,221188,57211,84873,22859,23266,23284,64123,124,23394,56985,146,150,153,154,122622,175,79814,189,64902,10768,10598,197,51390,9590,79647,5832,216,217,223,84920,79868,199857,285016,7840,240,262,57463,196394,276,278,279,10393,29945,285,55908,57037,314,162,10947,9546,147495,333,338,344,347,319,350,81575,351,55198,282679,10565,383,9824,201176,2909,9912,23526,397,196528,54622,64860,56938,27106,420,421,440,151516,79058,28990,89849,23130,79065,51062,64225,27032,506,90423,549,566,145173,9531,9529,54971,581,166379,583,129880,27241,9564,590,622,56898,55859,51283,112401,54841,10904,282991,154743,664,100528007,29117,8927,100131137,121551,91408,56913,29071,51279,716,717,25966,145741,9847,720,721,731,732,760,10369,57662,138199,23581,842,844,845,347732,8436,874,84869,90693,165055,80071,154467,149483,84660,26112,83446,60494,55704,80212,885,890,1234,977,914,80381,9936,915,920,959,4179,966,924,975,22918,994,55664,79577,29965,51755,1017,1019,54901,1026,30850,1056,63036,51032,23436,23670,1060,201254,145508,9662,283638,55165,23177,80321,55722,84902,91012,144406,56683,629,55997,653275,1675,3426,84952,400916,1111,1116,1119,386593,1122,79586,89832,1132,1136,8973,55584,1140,1141,1142,1143,166012,51363,63922,54921,63924,9076,23562,7461,1203,10845,9337,11064,22837,8161,150684,51397,54951,51138,51805,10699,10391,1353,90639,116228,79974,221184,286204,64764,9419,51379,1427,9946,1435,1438,1439,1442,1445,751071,80169,1491,115908,1495,1504,440387,11330,1506,1075,1509,1511,1512,1513,1515,1521,1522,8029,404093,50624,7852,1528,26528,54876,55827,131566,51473,196513,26063,54849,1676,1677,8694,54487,8527,573971,115817,147015,10202,10901,25979,201140,1733,85458,27121,10683,54567,1750,1657,23312,144132,30836,80005,220164,22845,23033,1800,285381,1803,10589,29940,112487,1837,56986,84332,89891,1874,11319,10455,60401,1906,1909,221143,399818,25895,388795,23167,51162,1956,9538,126272,8894,9470,1991,2000,255520,64834,83401,64100,2012,10495,5167,5168,5169,22875,133121,956,2053,55040,2059,64787,54586,51290,2081,54206,90952,11082,2100,55500,55224,84141,59271,55770,60412,10640,54536,11340,5393,2159,50848,2161,2162,2158,92689,81558,150864,54954,57579,51306,26355,221061,345757,283635,8603,54540,200232,388799,54757,9917,84915,9130,51307,81610,25940,283742,22909,2187,10160,9855,79675,22868,2199,129804,84467,25827,26233,26267,80204,26232,26260,23219,150726,93611,26270,84261,2204,2207,9873,9637,2255,143282,10875,161247,2312,55640,2335,252995,2348,2350,3171,27086,8790,23401,84978,2530,53827,9568,2561,2562,2563,2568,9514,2581,2582,114805,117248,64409,374378,8693,11227,11226,51809,26290,50614,168391,442117,64762,51313,2628,23464,7485,2676,84296,2697,2720,79411,89944,113263,26035,51031,55830,51228,388323,2746,2747,10249,92292,9535,10672,79158,127845,2805,2806,8733,7918,2817,170589,2821,11321,2859,2875,84706,2890,2893,2902,2903,116443,55876,1687,2932,2948,2961,83606,2983,60558,3001,3002,2999,3003,3004,8971,333932,644914,115482696,3026,201562,9421,115106,26762,54985,3059,143279,283450,9931,8924,3074,124790,3082,3083,3087,11147,135114,3098,3105,3106,3107,3108,3156,3162,3166,3172,10949,3188,3190,29911,84376,3200,3201,3231,3240,54969,3249,3250,3263,9653,222537,374875,3291,51170,345275,51171,3356,9177,170572,200909,285242,3363,3385,3620,122509,10437,3454,3458,26160,57560,57722,3480,3481,3486,53833,59067,50615,58985,3561,9235,146433,3569,196294,83943,10989,54556,55924,54617,83444,55726,55656,27152,10526,132141,134728,64207,51015,3674,3678,3683,3688,3689,3709,150771,390243,3714,120425,3725,84056,143879,55709,84078,253980,65987,200845,23351,9851,653319,57691,23588,57565,11275,51088,55958,3816,5655,11012,43849,26085,43847,55554,3817,9622,5653,5650,11202,284366,3818,83999,3848,3858,3861,54474,112970,8942,284217,3908,3911,3914,3915,7805,81606,3931,389812,3938,3939,3945,114823,137994,85329,29124,56891,148003,3960,284194,654346,3982,200879,55788,4008,348801,222484,9361,91694,4017,4018,9404,286006,4057,256586,4069,8216,28992,9935,9500,115416,4125,4129,4133,7786,9175,11184,55700,5594,1432,5595,5648,10747,114785,51562,10150,4170,9656,4193,4199,4200,84246,9412,90390,9443,1953,1955,151194,29081,196410,10227,79157,256471,4253,142678,4277,90007,54468,145282,406986,100126318,83881,4288,4300,4324,4325,4326,4327,9313,118856,8511,64386,56547,4317,4330,92597,80168,79710,51660,25874,4359,117195,84245,727957,140699,6150,57129,54534,10240,345222,4485,4487,4488,80298,4528,9110,23517,9788,143662,4602,29104,24142,266812,63908,57106,26151,51517,10499,54602,4728,4723,5818,5819,25945,81607,4744,4741,6787,4790,9054,4803,51199,4815,25934,79570,85409,28512,51701,161424,4843,100996763,50508,29881,4886,4901,26012,84081,123803,4914,80224,134492,83594,256281,83540,220323,4942,54959,283298,169611,25903,4986,4999,114884,26031,114882,734,26578,51633,341350,5033,80336,54873,152559,85315,344838,5098,399909,64430,58488,9468,5154,56034,8050,149420,5164,375033,55825,8864,5190,80055,84547,267004,5236,9489,9678,5256,5257,90102,162466,84457,85007,63895,80119,23556,80235,118788,5290,5293,57095,5313,5315,5318,8502,5319,153770,5324,5327,25894,57475,9842,1263,5360,10154,9240,5411,100528030,5426,661,5444,64091,5450,5468,10891,8497,10105,57460,170954,129285,5509,55012,9701,118471,56980,153768,10216,5578,5583,23683,79706,80758,84726,80863,5644,8492,10942,64063,83886,5646,260429,146547,136242,339501,150527,339906,377047,100287362,345062,29122,339105,221191,203074,400668,136541,5652,5657,23550,389362,9051,58155,442213,5731,5738,5742,5743,2185,114971,5799,5836,5837,25797,84074,55647,51715,5865,115273,10244,5884,10635,5900,10267,57610,26953,65059,5913,55225,10616,10137,9904,5935,55544,83759,5939,157506,8434,221035,92840,5649,5972,55196,117584,55312,10737,55159,5994,57414,25807,55288,196383,60561,53820,55005,7732,9604,81847,57674,11237,26015,6142,10799,6240,26156,64755,112611,10069,6257,6275,6294,9667,344658,79685,89958,9092,152579,6447,132320,6331,6342,222663,6389,195814,121214,23478,90701,83642,223117,9723,64218,54910,10505,9037,54437,10500,80031,8482,57337,51091,347735,55209,83852,10262,375035,344558,6470,6476,23411,6558,6559,84561,56996,26503,63910,116843,6574,55356,10165,10166,89874,29957,203427,283130,91137,10559,7355,80255,80723,206358,219855,2542,81539,153129,30061,84102,23446,57153,126969,204962,84925,83959,113278,130814,6530,6532,157724,57709,6542,84889,6545,8140,9057,84138,9056,11136,10479,23315,128710,9126,56006,389203,221491,6609,57154,6591,25992,50854,389084,6641,57231,122809,11063,93349,389058,53340,6683,132671,56848,169981,6690,90853,83932,10252,6714,9901,8406,27286,51188,6747,51066,6768,54879,56910,6775,8987,261729,6786,8576,79991,55342,201595,6783,387082,6839,81493,163183,84958,257397,255061,117143,9015,83860,6879,151647,25817,51256,11138,54885,93627,90843,6938,10732,55346,6988,6997,81550,79736,55603,115572,7014,80312,400629,374618,7039,56906,83591,9984,92610,200765,166815,10440,9874,80213,7108,51768,51643,79905,146456,51014,84216,84233,55863,85013,23240,65084,51524,55858,8269,201931,440026,757,113452,85025,157378,91147,137695,56674,339967,132724,9407,28983,389208,283471,84000,5651,7113,64699,56649,80975,164656,344805,360200,8764,8718,7292,7136,7150,26092,27433,7157,7167,7168,7177,23430,25823,133022,60684,10107,81559,89122,91107,25893,286827,9866,140691,205860,9320,55006,55687,56302,55503,7248,10102,10194,10099,7106,10098,64061,23270,151613,55622,150737,23548,145567,80727,10426,85378,79770,127253,390595,84959,89910,90025,23352,7347,7353,51569,55325,25972,57558,124739,64854,9712,51096,81839,64601,51028,147645,23584,11326,9897,54838,57590,55255,54521,22911,348793,151525,7465,25937,57002,84327,58486,7541,57621,79696,376940,29066,84186,51201,254887,7539,286128,339559,65243,7542,9765,64393,9204,7771,7697,7738,7743,10520,7768,7770,7571,57209,129025,90075,149076,151126,90594,126070,126068,90333,130557,25925,79818,148254,79230,84527,147929,126295,51157,51545,84622,162966,57547,22834,127396,90592,7562,7552,7627,388507,285989,342892,284459,10534,84133,7589,201516,57643,57688,158586
Huang Dan,8647,5244,1244,5825,6718,226,229,286,540,5205,669,1080,9076,84701,1357,1371,11330,9420,1716,1798,50506,405753,9451,2108,2109,2110,2153,2582,2592,2821,338328,2859,3043,3048,8820,3098,6928,3172,80270,51124,3592,3594,3663,389434,3717,3783,3930,8022,89884,3988,64788,4023,1130,79258,4485,1482,100506658,7849,5189,5192,8799,5193,5194,5195,9409,5824,5828,55670,8504,5830,5190,5213,9780,5313,5449,5450,5551,5626,5644,5645,5774,5873,6005,10483,5265,5172,6513,6521,6528,10599,28234,6689,6690,6710,2040,6925,7038,7067,7068,9966,23534,7167,7173,55687,7252,7253,9652,54658,63894,26276,5276,,,,,,,,,,,,,,,,,,,,,,,,,,,,,,,,,,,,,,,,,,,,,,,,,,,,,,,,,,,,,,,,,,,,,,,,,,,,,,,,,,,,,,,,,,,,,,,,,,,,,,,,,,,,,,,,,,,,,,,,,,,,,,,,,,,,,,,,,,,,,,,,,,,,,,,,,,,,,,,,,,,,,,,,,,,,,,,,,,,,,,,,,,,,,,,,,,,,,,,,,,,,,,,,,,,,,,,,,,,,,,,,,,,,,,,,,,,,,,,,,,,,,,,,,,,,,,,,,,,,,,,,,,,,,,,,,,,,,,,,,,,,,,,,,,,,,,,,,,,,,,,,,,,,,,,,,,,,,,,,,,,,,,,,,,,,,,,,,,,,,,,,,,,,,,,,,,,,,,,,,,,,,,,,,,,,,,,,,,,,,,,,,,,,,,,,,,,,,,,,,,,,,,,,,,,,,,,,,,,,,,,,,,,,,,,,,,,,,,,,,,,,,,,,,,,,,,,,,,,,,,,,,,,,,,,,,,,,,,,,,,,,,,,,,,,,,,,,,,,,,,,,,,,,,,,,,,,,,,,,,,,,,,,,,,,,,,,,,,,,,,,,,,,,,,,,,,,,,,,,,,,,,,,,,,,,,,,,,,,,,,,,,,,,,,,,,,,,,,,,,,,,,,,,,,,,,,,,,,,,,,,,,,,,,,,,,,,,,,,,,,,,,,,,,,,,,,,,,,,,,,,,,,,,,,,,,,,,,,,,,,,,,,,,,,,,,,,,,,,,,,,,,,,,,,,,,,,,,,,,,,,,,,,,,,,,,,,,,,,,,,,,,,,,,,,,,,,,,,,,,,,,,,,,,,,,,,,,,,,,,,,,,,,,,,,,,,,,,,,,,,,,,,,,,,,,,,,,,,,,,,,,,,,,,,,,,,,,,,,,,,,,,,,,,,,,,,,,,,,,,,,,,,,,,,,,,,,,,,,,,,,,,,,,,,,,,,,,,,,,,,,,,,,,,,,,,,,,,,,,,,,,,,,,,,,,,,,,,,,,,,,,,,,,,,,,,,,,,,,,,,,,,,,,,,,,,,,,,,,,,,,,,,,,,,,,,,,,,,,,,,,,,,,,,,,,,,,,,,,,,,,,,,,,,,,,,,,,,,,,,,,,,,,,,,,,,,,,,,,,,,,,,,,,,,,,,,,,,,,,,,,,,,,,,,,,,,,,,,,,,,,,,,,,,,,,,,,,,,,,,,,,,,,,,,,,,,,,,,,,,,,,,,,,,,,,,,,,,,,,,,,,,,,,,,,,,,,,,,,,,,,,,,,,,,,,,,,,,,,,,,,,,,,,,,,,,,,,,,,,,,,,,,,,,,,,,,,,,,,,,,,,,,,,,,,,,,,,,,,,,,,,,,,,,,,,,,,,,,,,,,,,,,,,,,,,,,,,,,,,,
Fa Li,1384,84311,51258,,,,,,,,,,,,,,,,,,,,,,,,,,,,,,,,,,,,,,,,,,,,,,,,,,,,,,,,,,,,,,,,,,,,,,,,,,,,,,,,,,,,,,,,,,,,,,,,,,,,,,,,,,,,,,,,,,,,,,,,,,,,,,,,,,,,,,,,,,,,,,,,,,,,,,,,,,,,,,,,,,,,,,,,,,,,,,,,,,,,,,,,,,,,,,,,,,,,,,,,,,,,,,,,,,,,,,,,,,,,,,,,,,,,,,,,,,,,,,,,,,,,,,,,,,,,,,,,,,,,,,,,,,,,,,,,,,,,,,,,,,,,,,,,,,,,,,,,,,,,,,,,,,,,,,,,,,,,,,,,,,,,,,,,,,,,,,,,,,,,,,,,,,,,,,,,,,,,,,,,,,,,,,,,,,,,,,,,,,,,,,,,,,,,,,,,,,,,,,,,,,,,,,,,,,,,,,,,,,,,,,,,,,,,,,,,,,,,,,,,,,,,,,,,,,,,,,,,,,,,,,,,,,,,,,,,,,,,,,,,,,,,,,,,,,,,,,,,,,,,,,,,,,,,,,,,,,,,,,,,,,,,,,,,,,,,,,,,,,,,,,,,,,,,,,,,,,,,,,,,,,,,,,,,,,,,,,,,,,,,,,,,,,,,,,,,,,,,,,,,,,,,,,,,,,,,,,,,,,,,,,,,,,,,,,,,,,,,,,,,,,,,,,,,,,,,,,,,,,,,,,,,,,,,,,,,,,,,,,,,,,,,,,,,,,,,,,,,,,,,,,,,,,,,,,,,,,,,,,,,,,,,,,,,,,,,,,,,,,,,,,,,,,,,,,,,,,,,,,,,,,,,,,,,,,,,,,,,,,,,,,,,,,,,,,,,,,,,,,,,,,,,,,,,,,,,,,,,,,,,,,,,,,,,,,,,,,,,,,,,,,,,,,,,,,,,,,,,,,,,,,,,,,,,,,,,,,,,,,,,,,,,,,,,,,,,,,,,,,,,,,,,,,,,,,,,,,,,,,,,,,,,,,,,,,,,,,,,,,,,,,,,,,,,,,,,,,,,,,,,,,,,,,,,,,,,,,,,,,,,,,,,,,,,,,,,,,,,,,,,,,,,,,,,,,,,,,,,,,,,,,,,,,,,,,,,,,,,,,,,,,,,,,,,,,,,,,,,,,,,,,,,,,,,,,,,,,,,,,,,,,,,,,,,,,,,,,,,,,,,,,,,,,,,,,,,,,,,,,,,,,,,,,,,,,,,,,,,,,,,,,,,,,,,,,,,,,,,,,,,,,,,,,,,,,,,,,,,,,,,,,,,,,,,,,,,,,,,,,,,,,,,,,,,,,,,,,,,,,,,,,,,,,,,,,,,,,,,,,,,,,,,,,,,,,,,,,,,,,,,,,,,,,,,,,,,,,,,,,,,,,,,,,,,,,,,,,,,,,,,,,,,,,,,,,,,,,,,,,,,,,,,,,,,,,,,,,,,,,,,,,,,,,,,,,,,,,,,,,,,,,,,,,,,,,,,,,,,,,,,,,,,,,,,,,,,,,,,,,,,,,,,,,,,,
Gan Fu Shui,55109,57514,699,701,9184,939,9702,1716,129563,54567,1776,57572,285203,2072,2130,2153,2184,63901,2492,2629,2632,2859,2990,3077,3592,3594,3663,3717,3930,3988,4210,79258,56945,4485,4758,4851,5450,51422,5589,3516,950,11231,26503,54345,6689,202018,6925,9966,23534,7248,7249,23230,7490,,,,,,,,,,,,,,,,,,,,,,,,,,,,,,,,,,,,,,,,,,,,,,,,,,,,,,,,,,,,,,,,,,,,,,,,,,,,,,,,,,,,,,,,,,,,,,,,,,,,,,,,,,,,,,,,,,,,,,,,,,,,,,,,,,,,,,,,,,,,,,,,,,,,,,,,,,,,,,,,,,,,,,,,,,,,,,,,,,,,,,,,,,,,,,,,,,,,,,,,,,,,,,,,,,,,,,,,,,,,,,,,,,,,,,,,,,,,,,,,,,,,,,,,,,,,,,,,,,,,,,,,,,,,,,,,,,,,,,,,,,,,,,,,,,,,,,,,,,,,,,,,,,,,,,,,,,,,,,,,,,,,,,,,,,,,,,,,,,,,,,,,,,,,,,,,,,,,,,,,,,,,,,,,,,,,,,,,,,,,,,,,,,,,,,,,,,,,,,,,,,,,,,,,,,,,,,,,,,,,,,,,,,,,,,,,,,,,,,,,,,,,,,,,,,,,,,,,,,,,,,,,,,,,,,,,,,,,,,,,,,,,,,,,,,,,,,,,,,,,,,,,,,,,,,,,,,,,,,,,,,,,,,,,,,,,,,,,,,,,,,,,,,,,,,,,,,,,,,,,,,,,,,,,,,,,,,,,,,,,,,,,,,,,,,,,,,,,,,,,,,,,,,,,,,,,,,,,,,,,,,,,,,,,,,,,,,,,,,,,,,,,,,,,,,,,,,,,,,,,,,,,,,,,,,,,,,,,,,,,,,,,,,,,,,,,,,,,,,,,,,,,,,,,,,,,,,,,,,,,,,,,,,,,,,,,,,,,,,,,,,,,,,,,,,,,,,,,,,,,,,,,,,,,,,,,,,,,,,,,,,,,,,,,,,,,,,,,,,,,,,,,,,,,,,,,,,,,,,,,,,,,,,,,,,,,,,,,,,,,,,,,,,,,,,,,,,,,,,,,,,,,,,,,,,,,,,,,,,,,,,,,,,,,,,,,,,,,,,,,,,,,,,,,,,,,,,,,,,,,,,,,,,,,,,,,,,,,,,,,,,,,,,,,,,,,,,,,,,,,,,,,,,,,,,,,,,,,,,,,,,,,,,,,,,,,,,,,,,,,,,,,,,,,,,,,,,,,,,,,,,,,,,,,,,,,,,,,,,,,,,,,,,,,,,,,,,,,,,,,,,,,,,,,,,,,,,,,,,,,,,,,,,,,,,,,,,,,,,,,,,,,,,,,,,,,,,,,,,,,,,,,,,,,,,,,,,,,,,,,,,,,,,,,,,,,,,,,,,,,,,,,,,,,,,,,,,,,,,,,,,,,,,,,,,,,,,,,,,,,,,,,,,,,,,,,,,,,,,,,,,,,,,,,,,,,,,,,,,,,,,,,,,,,,,,,,,,,,,,,,,,,,,,,,,,,,,,,,,,,,,,,,,,,,,,,,,,,,,,,,,,,,,,,,,,,,,,,,,,,,,,,,,,,,,,,,,,,,,,,,,,,,,,,,,,,,,,,,,,
Kou Gan,283,6311,567,857,899,1235,400916,25978,1131,1610,1639,2043,2066,55612,2255,2263,2261,9896,2521,2733,3123,3178,3663,3930,9782,4744,4750,64127,10133,5216,5444,5445,5446,10891,5630,6335,6647,8878,8148,23435,29110,8626,54209,29978,23025,9217,7415,,,,,,,,,,,,,,,,,,,,,,,,,,,,,,,,,,,,,,,,,,,,,,,,,,,,,,,,,,,,,,,,,,,,,,,,,,,,,,,,,,,,,,,,,,,,,,,,,,,,,,,,,,,,,,,,,,,,,,,,,,,,,,,,,,,,,,,,,,,,,,,,,,,,,,,,,,,,,,,,,,,,,,,,,,,,,,,,,,,,,,,,,,,,,,,,,,,,,,,,,,,,,,,,,,,,,,,,,,,,,,,,,,,,,,,,,,,,,,,,,,,,,,,,,,,,,,,,,,,,,,,,,,,,,,,,,,,,,,,,,,,,,,,,,,,,,,,,,,,,,,,,,,,,,,,,,,,,,,,,,,,,,,,,,,,,,,,,,,,,,,,,,,,,,,,,,,,,,,,,,,,,,,,,,,,,,,,,,,,,,,,,,,,,,,,,,,,,,,,,,,,,,,,,,,,,,,,,,,,,,,,,,,,,,,,,,,,,,,,,,,,,,,,,,,,,,,,,,,,,,,,,,,,,,,,,,,,,,,,,,,,,,,,,,,,,,,,,,,,,,,,,,,,,,,,,,,,,,,,,,,,,,,,,,,,,,,,,,,,,,,,,,,,,,,,,,,,,,,,,,,,,,,,,,,,,,,,,,,,,,,,,,,,,,,,,,,,,,,,,,,,,,,,,,,,,,,,,,,,,,,,,,,,,,,,,,,,,,,,,,,,,,,,,,,,,,,,,,,,,,,,,,,,,,,,,,,,,,,,,,,,,,,,,,,,,,,,,,,,,,,,,,,,,,,,,,,,,,,,,,,,,,,,,,,,,,,,,,,,,,,,,,,,,,,,,,,,,,,,,,,,,,,,,,,,,,,,,,,,,,,,,,,,,,,,,,,,,,,,,,,,,,,,,,,,,,,,,,,,,,,,,,,,,,,,,,,,,,,,,,,,,,,,,,,,,,,,,,,,,,,,,,,,,,,,,,,,,,,,,,,,,,,,,,,,,,,,,,,,,,,,,,,,,,,,,,,,,,,,,,,,,,,,,,,,,,,,,,,,,,,,,,,,,,,,,,,,,,,,,,,,,,,,,,,,,,,,,,,,,,,,,,,,,,,,,,,,,,,,,,,,,,,,,,,,,,,,,,,,,,,,,,,,,,,,,,,,,,,,,,,,,,,,,,,,,,,,,,,,,,,,,,,,,,,,,,,,,,,,,,,,,,,,,,,,,,,,,,,,,,,,,,,,,,,,,,,,,,,,,,,,,,,,,,,,,,,,,,,,,,,,,,,,,,,,,,,,,,,,,,,,,,,,,,,,,,,,,,,,,,,,,,,,,,,,,,,,,,,,,,,,,,,,,,,,,,,,,,,,,,,,,,,,,,,,,,,,,,,,,,,,,,,,,,,,,,,,,,,,,,,,,,,,,,,,,,,,,,,,,,,,,,,,,,,,,,,,,,,,,,,,,,,,,,,,,,,,,,,,,,,,,,,,,,,,,,,,,,,,,,,,,,,,,,,,,,,,,,,,,,,,,,
Shi Shao Fu Zhang,72,672,1280,50506,405753,79659,2130,2316,2492,8820,57560,3592,3594,3643,3663,3655,3691,389434,8022,89884,3988,4041,79258,3110,4629,1482,4868,7849,5428,5449,5450,5589,5626,51128,11231,1836,1811,5172,6514,6523,6528,6550,6689,10653,79867,7038,7067,7068,9966,23534,7173,9321,55687,7252,7253,57539,7490,9839,251,254863,400550,,,,,,,,,,,,,,,,,,,,,,,,,,,,,,,,,,,,,,,,,,,,,,,,,,,,,,,,,,,,,,,,,,,,,,,,,,,,,,,,,,,,,,,,,,,,,,,,,,,,,,,,,,,,,,,,,,,,,,,,,,,,,,,,,,,,,,,,,,,,,,,,,,,,,,,,,,,,,,,,,,,,,,,,,,,,,,,,,,,,,,,,,,,,,,,,,,,,,,,,,,,,,,,,,,,,,,,,,,,,,,,,,,,,,,,,,,,,,,,,,,,,,,,,,,,,,,,,,,,,,,,,,,,,,,,,,,,,,,,,,,,,,,,,,,,,,,,,,,,,,,,,,,,,,,,,,,,,,,,,,,,,,,,,,,,,,,,,,,,,,,,,,,,,,,,,,,,,,,,,,,,,,,,,,,,,,,,,,,,,,,,,,,,,,,,,,,,,,,,,,,,,,,,,,,,,,,,,,,,,,,,,,,,,,,,,,,,,,,,,,,,,,,,,,,,,,,,,,,,,,,,,,,,,,,,,,,,,,,,,,,,,,,,,,,,,,,,,,,,,,,,,,,,,,,,,,,,,,,,,,,,,,,,,,,,,,,,,,,,,,,,,,,,,,,,,,,,,,,,,,,,,,,,,,,,,,,,,,,,,,,,,,,,,,,,,,,,,,,,,,,,,,,,,,,,,,,,,,,,,,,,,,,,,,,,,,,,,,,,,,,,,,,,,,,,,,,,,,,,,,,,,,,,,,,,,,,,,,,,,,,,,,,,,,,,,,,,,,,,,,,,,,,,,,,,,,,,,,,,,,,,,,,,,,,,,,,,,,,,,,,,,,,,,,,,,,,,,,,,,,,,,,,,,,,,,,,,,,,,,,,,,,,,,,,,,,,,,,,,,,,,,,,,,,,,,,,,,,,,,,,,,,,,,,,,,,,,,,,,,,,,,,,,,,,,,,,,,,,,,,,,,,,,,,,,,,,,,,,,,,,,,,,,,,,,,,,,,,,,,,,,,,,,,,,,,,,,,,,,,,,,,,,,,,,,,,,,,,,,,,,,,,,,,,,,,,,,,,,,,,,,,,,,,,,,,,,,,,,,,,,,,,,,,,,,,,,,,,,,,,,,,,,,,,,,,,,,,,,,,,,,,,,,,,,,,,,,,,,,,,,,,,,,,,,,,,,,,,,,,,,,,,,,,,,,,,,,,,,,,,,,,,,,,,,,,,,,,,,,,,,,,,,,,,,,,,,,,,,,,,,,,,,,,,,,,,,,,,,,,,,,,,,,,,,,,,,,,,,,,,,,,,,,,,,,,,,,,,,,,,,,,,,,,,,,,,,,,,,,,,,,,,,,,,,,,,,,,,,,,,,,,,,,,,,,,,,,,,,,,,,,,,,,,,,,,,,,,,,,,,,,,,,,,,,,,,,,,,,,,,,,,,,,,,,,,,,,,,,,,,,,,,,,,,,,,,,,,,,,,,,,,,,,,,,,,,,,,,,,,,,,,,,,,,,,
Wan Fu Zhang Men,72,672,1280,50506,405753,79659,2130,2316,2492,8820,57560,3592,3594,3643,3663,3655,3691,389434,8022,89884,3988,4041,79258,3110,4629,1482,4868,7849,5428,5449,5450,5589,5626,51128,11231,1836,1811,5172,6514,6523,6528,6550,6689,10653,79867,7038,7067,7068,9966,23534,7173,9321,55687,7252,7253,57539,7490,9839,251,254863,400550,,,,,,,,,,,,,,,,,,,,,,,,,,,,,,,,,,,,,,,,,,,,,,,,,,,,,,,,,,,,,,,,,,,,,,,,,,,,,,,,,,,,,,,,,,,,,,,,,,,,,,,,,,,,,,,,,,,,,,,,,,,,,,,,,,,,,,,,,,,,,,,,,,,,,,,,,,,,,,,,,,,,,,,,,,,,,,,,,,,,,,,,,,,,,,,,,,,,,,,,,,,,,,,,,,,,,,,,,,,,,,,,,,,,,,,,,,,,,,,,,,,,,,,,,,,,,,,,,,,,,,,,,,,,,,,,,,,,,,,,,,,,,,,,,,,,,,,,,,,,,,,,,,,,,,,,,,,,,,,,,,,,,,,,,,,,,,,,,,,,,,,,,,,,,,,,,,,,,,,,,,,,,,,,,,,,,,,,,,,,,,,,,,,,,,,,,,,,,,,,,,,,,,,,,,,,,,,,,,,,,,,,,,,,,,,,,,,,,,,,,,,,,,,,,,,,,,,,,,,,,,,,,,,,,,,,,,,,,,,,,,,,,,,,,,,,,,,,,,,,,,,,,,,,,,,,,,,,,,,,,,,,,,,,,,,,,,,,,,,,,,,,,,,,,,,,,,,,,,,,,,,,,,,,,,,,,,,,,,,,,,,,,,,,,,,,,,,,,,,,,,,,,,,,,,,,,,,,,,,,,,,,,,,,,,,,,,,,,,,,,,,,,,,,,,,,,,,,,,,,,,,,,,,,,,,,,,,,,,,,,,,,,,,,,,,,,,,,,,,,,,,,,,,,,,,,,,,,,,,,,,,,,,,,,,,,,,,,,,,,,,,,,,,,,,,,,,,,,,,,,,,,,,,,,,,,,,,,,,,,,,,,,,,,,,,,,,,,,,,,,,,,,,,,,,,,,,,,,,,,,,,,,,,,,,,,,,,,,,,,,,,,,,,,,,,,,,,,,,,,,,,,,,,,,,,,,,,,,,,,,,,,,,,,,,,,,,,,,,,,,,,,,,,,,,,,,,,,,,,,,,,,,,,,,,,,,,,,,,,,,,,,,,,,,,,,,,,,,,,,,,,,,,,,,,,,,,,,,,,,,,,,,,,,,,,,,,,,,,,,,,,,,,,,,,,,,,,,,,,,,,,,,,,,,,,,,,,,,,,,,,,,,,,,,,,,,,,,,,,,,,,,,,,,,,,,,,,,,,,,,,,,,,,,,,,,,,,,,,,,,,,,,,,,,,,,,,,,,,,,,,,,,,,,,,,,,,,,,,,,,,,,,,,,,,,,,,,,,,,,,,,,,,,,,,,,,,,,,,,,,,,,,,,,,,,,,,,,,,,,,,,,,,,,,,,,,,,,,,,,,,,,,,,,,,,,,,,,,,,,,,,,,,,,,,,,,,,,,,,,,,,,,,,,,,,,,,,,,,,,,,,,,,,,,,,,,,,,,,,,,,,,,,,,,,,,,,,,,,,,,,,,,,,,,,,,,,,,,,,,,,,,,,,,,,,
Xia Zhi Fu Zhong,410,6310,166379,55212,55704,939,25839,60481,2335,2629,57704,2737,547,4210,8195,4615,5313,55851,950,6709,92335,9326,10006,55326,51742,23177,1595,8449,9453,3682,64318,10154,6009,54957,7384,51427,100529146,441032,10691,25938,267016,644063,105378937,221154,100852393,8782,8439,79701,55652,84631,347853,79041,128434,56949,86123,,,,,,,,,,,,,,,,,,,,,,,,,,,,,,,,,,,,,,,,,,,,,,,,,,,,,,,,,,,,,,,,,,,,,,,,,,,,,,,,,,,,,,,,,,,,,,,,,,,,,,,,,,,,,,,,,,,,,,,,,,,,,,,,,,,,,,,,,,,,,,,,,,,,,,,,,,,,,,,,,,,,,,,,,,,,,,,,,,,,,,,,,,,,,,,,,,,,,,,,,,,,,,,,,,,,,,,,,,,,,,,,,,,,,,,,,,,,,,,,,,,,,,,,,,,,,,,,,,,,,,,,,,,,,,,,,,,,,,,,,,,,,,,,,,,,,,,,,,,,,,,,,,,,,,,,,,,,,,,,,,,,,,,,,,,,,,,,,,,,,,,,,,,,,,,,,,,,,,,,,,,,,,,,,,,,,,,,,,,,,,,,,,,,,,,,,,,,,,,,,,,,,,,,,,,,,,,,,,,,,,,,,,,,,,,,,,,,,,,,,,,,,,,,,,,,,,,,,,,,,,,,,,,,,,,,,,,,,,,,,,,,,,,,,,,,,,,,,,,,,,,,,,,,,,,,,,,,,,,,,,,,,,,,,,,,,,,,,,,,,,,,,,,,,,,,,,,,,,,,,,,,,,,,,,,,,,,,,,,,,,,,,,,,,,,,,,,,,,,,,,,,,,,,,,,,,,,,,,,,,,,,,,,,,,,,,,,,,,,,,,,,,,,,,,,,,,,,,,,,,,,,,,,,,,,,,,,,,,,,,,,,,,,,,,,,,,,,,,,,,,,,,,,,,,,,,,,,,,,,,,,,,,,,,,,,,,,,,,,,,,,,,,,,,,,,,,,,,,,,,,,,,,,,,,,,,,,,,,,,,,,,,,,,,,,,,,,,,,,,,,,,,,,,,,,,,,,,,,,,,,,,,,,,,,,,,,,,,,,,,,,,,,,,,,,,,,,,,,,,,,,,,,,,,,,,,,,,,,,,,,,,,,,,,,,,,,,,,,,,,,,,,,,,,,,,,,,,,,,,,,,,,,,,,,,,,,,,,,,,,,,,,,,,,,,,,,,,,,,,,,,,,,,,,,,,,,,,,,,,,,,,,,,,,,,,,,,,,,,,,,,,,,,,,,,,,,,,,,,,,,,,,,,,,,,,,,,,,,,,,,,,,,,,,,,,,,,,,,,,,,,,,,,,,,,,,,,,,,,,,,,,,,,,,,,,,,,,,,,,,,,,,,,,,,,,,,,,,,,,,,,,,,,,,,,,,,,,,,,,,,,,,,,,,,,,,,,,,,,,,,,,,,,,,,,,,,,,,,,,,,,,,,,,,,,,,,,,,,,,,,,,,,,,,,,,,,,,,,,,,,,,,,,,,,,,,,,,,,,,,,,,,,,,,,,,,,,,,,,,,,,,,,,,,,,,,,,,,,,,,,,,,,,,,,,,,,,,,,,,,,,,,,,,,,,,,,,,,,,,,,,,,,,,,,,,,,,,,,,,,,,,,,,,,,,,,,,,,
syndrome of liver-gallbladder dampness heat,340273,377,381,115761,80117,51326,10124,379,26225,221079,390790,84100,132946,10498,6361,1280,1452,117159,148252,2177,2669,2941,3566,727897,4893,56134,5588,5764,8766,9230,51552,5862,5880,5898,5899,5906,5908,5911,5912,51655,23551,6009,9886,23221,22836,29984,54509,391,23433,58480,6016,6014,27289,390,6236,6237,6571,7298,220001,,,,,,,,,,,,,,,,,,,,,,,,,,,,,,,,,,,,,,,,,,,,,,,,,,,,,,,,,,,,,,,,,,,,,,,,,,,,,,,,,,,,,,,,,,,,,,,,,,,,,,,,,,,,,,,,,,,,,,,,,,,,,,,,,,,,,,,,,,,,,,,,,,,,,,,,,,,,,,,,,,,,,,,,,,,,,,,,,,,,,,,,,,,,,,,,,,,,,,,,,,,,,,,,,,,,,,,,,,,,,,,,,,,,,,,,,,,,,,,,,,,,,,,,,,,,,,,,,,,,,,,,,,,,,,,,,,,,,,,,,,,,,,,,,,,,,,,,,,,,,,,,,,,,,,,,,,,,,,,,,,,,,,,,,,,,,,,,,,,,,,,,,,,,,,,,,,,,,,,,,,,,,,,,,,,,,,,,,,,,,,,,,,,,,,,,,,,,,,,,,,,,,,,,,,,,,,,,,,,,,,,,,,,,,,,,,,,,,,,,,,,,,,,,,,,,,,,,,,,,,,,,,,,,,,,,,,,,,,,,,,,,,,,,,,,,,,,,,,,,,,,,,,,,,,,,,,,,,,,,,,,,,,,,,,,,,,,,,,,,,,,,,,,,,,,,,,,,,,,,,,,,,,,,,,,,,,,,,,,,,,,,,,,,,,,,,,,,,,,,,,,,,,,,,,,,,,,,,,,,,,,,,,,,,,,,,,,,,,,,,,,,,,,,,,,,,,,,,,,,,,,,,,,,,,,,,,,,,,,,,,,,,,,,,,,,,,,,,,,,,,,,,,,,,,,,,,,,,,,,,,,,,,,,,,,,,,,,,,,,,,,,,,,,,,,,,,,,,,,,,,,,,,,,,,,,,,,,,,,,,,,,,,,,,,,,,,,,,,,,,,,,,,,,,,,,,,,,,,,,,,,,,,,,,,,,,,,,,,,,,,,,,,,,,,,,,,,,,,,,,,,,,,,,,,,,,,,,,,,,,,,,,,,,,,,,,,,,,,,,,,,,,,,,,,,,,,,,,,,,,,,,,,,,,,,,,,,,,,,,,,,,,,,,,,,,,,,,,,,,,,,,,,,,,,,,,,,,,,,,,,,,,,,,,,,,,,,,,,,,,,,,,,,,,,,,,,,,,,,,,,,,,,,,,,,,,,,,,,,,,,,,,,,,,,,,,,,,,,,,,,,,,,,,,,,,,,,,,,,,,,,,,,,,,,,,,,,,,,,,,,,,,,,,,,,,,,,,,,,,,,,,,,,,,,,,,,,,,,,,,,,,,,,,,,,,,,,,,,,,,,,,,,,,,,,,,,,,,,,,,,,,,,,,,,,,,,,,,,,,,,,,,,,,,,,,,,,,,,,,,,,,,,,,,,,,,,,,,,,,,,,,,,,,,,,,,,,,,,,,,,,,,,,,,,,,,,,,,,,,,,,,,,,,,,,,,,,,,,,,,,,,,,,,,,,,,,,,,,,,,,,,,,,,,,,,,,,,,,,,,,,,,,,,,,,,,
Pi Fu Huang Ran,8647,5244,1244,5825,6718,226,229,286,540,5205,669,1080,9076,84701,1357,1371,11330,9420,1716,1798,50506,405753,9451,2108,2109,2110,2153,2582,2592,2821,338328,2859,3043,3048,8820,3098,6928,3172,80270,51124,3592,3594,3663,389434,3717,3783,3930,8022,89884,3988,64788,4023,1130,79258,4485,1482,100506658,7849,5189,5192,8799,5193,5194,5195,9409,5824,5828,55670,8504,5830,5190,5213,9780,5313,5449,5450,5551,5626,5644,5645,5774,5873,6005,10483,5265,5172,6513,6521,6528,10599,28234,6689,6690,6710,2040,6925,7038,7067,7068,9966,23534,7167,7173,55687,7252,7253,9652,54658,63894,26276,5276,,,,,,,,,,,,,,,,,,,,,,,,,,,,,,,,,,,,,,,,,,,,,,,,,,,,,,,,,,,,,,,,,,,,,,,,,,,,,,,,,,,,,,,,,,,,,,,,,,,,,,,,,,,,,,,,,,,,,,,,,,,,,,,,,,,,,,,,,,,,,,,,,,,,,,,,,,,,,,,,,,,,,,,,,,,,,,,,,,,,,,,,,,,,,,,,,,,,,,,,,,,,,,,,,,,,,,,,,,,,,,,,,,,,,,,,,,,,,,,,,,,,,,,,,,,,,,,,,,,,,,,,,,,,,,,,,,,,,,,,,,,,,,,,,,,,,,,,,,,,,,,,,,,,,,,,,,,,,,,,,,,,,,,,,,,,,,,,,,,,,,,,,,,,,,,,,,,,,,,,,,,,,,,,,,,,,,,,,,,,,,,,,,,,,,,,,,,,,,,,,,,,,,,,,,,,,,,,,,,,,,,,,,,,,,,,,,,,,,,,,,,,,,,,,,,,,,,,,,,,,,,,,,,,,,,,,,,,,,,,,,,,,,,,,,,,,,,,,,,,,,,,,,,,,,,,,,,,,,,,,,,,,,,,,,,,,,,,,,,,,,,,,,,,,,,,,,,,,,,,,,,,,,,,,,,,,,,,,,,,,,,,,,,,,,,,,,,,,,,,,,,,,,,,,,,,,,,,,,,,,,,,,,,,,,,,,,,,,,,,,,,,,,,,,,,,,,,,,,,,,,,,,,,,,,,,,,,,,,,,,,,,,,,,,,,,,,,,,,,,,,,,,,,,,,,,,,,,,,,,,,,,,,,,,,,,,,,,,,,,,,,,,,,,,,,,,,,,,,,,,,,,,,,,,,,,,,,,,,,,,,,,,,,,,,,,,,,,,,,,,,,,,,,,,,,,,,,,,,,,,,,,,,,,,,,,,,,,,,,,,,,,,,,,,,,,,,,,,,,,,,,,,,,,,,,,,,,,,,,,,,,,,,,,,,,,,,,,,,,,,,,,,,,,,,,,,,,,,,,,,,,,,,,,,,,,,,,,,,,,,,,,,,,,,,,,,,,,,,,,,,,,,,,,,,,,,,,,,,,,,,,,,,,,,,,,,,,,,,,,,,,,,,,,,,,,,,,,,,,,,,,,,,,,,,,,,,,,,,,,,,,,,,,,,,,,,,,,,,,,,,,,,,,,,,,,,,,,,,,,,,,,,,,,,,,,,,,,,,,,,,,,,,,,,,,,,,,,,,,,,,,,,,,,,,,,,,,,,,,,,,,,,,,,,,,,,,,,,,,,,,,,,,,,,,,,,,,,,,,,,,,,,,,,,,,,,,,,,,,,,,,,,,,,,,,,,,,,,,,,,,,,,,,,,,,,,,,,,,,,,,,,,,,,,,,,,,,,,,,,,,,,,,,,,,,,,,,,,,,,,,,,,,,,,,,,,,,,,,,,,
Xiong Wan Pi Men,72,672,1280,50506,405753,79659,2130,2316,2492,8820,57560,3592,3594,3643,3663,3655,3691,389434,8022,89884,3988,4041,79258,3110,4629,1482,4868,7849,5428,5449,5450,5589,5626,51128,11231,1836,1811,5172,6514,6523,6528,6550,6689,10653,79867,7038,7067,7068,9966,23534,7173,9321,55687,7252,7253,57539,7490,9839,251,254863,400550,,,,,,,,,,,,,,,,,,,,,,,,,,,,,,,,,,,,,,,,,,,,,,,,,,,,,,,,,,,,,,,,,,,,,,,,,,,,,,,,,,,,,,,,,,,,,,,,,,,,,,,,,,,,,,,,,,,,,,,,,,,,,,,,,,,,,,,,,,,,,,,,,,,,,,,,,,,,,,,,,,,,,,,,,,,,,,,,,,,,,,,,,,,,,,,,,,,,,,,,,,,,,,,,,,,,,,,,,,,,,,,,,,,,,,,,,,,,,,,,,,,,,,,,,,,,,,,,,,,,,,,,,,,,,,,,,,,,,,,,,,,,,,,,,,,,,,,,,,,,,,,,,,,,,,,,,,,,,,,,,,,,,,,,,,,,,,,,,,,,,,,,,,,,,,,,,,,,,,,,,,,,,,,,,,,,,,,,,,,,,,,,,,,,,,,,,,,,,,,,,,,,,,,,,,,,,,,,,,,,,,,,,,,,,,,,,,,,,,,,,,,,,,,,,,,,,,,,,,,,,,,,,,,,,,,,,,,,,,,,,,,,,,,,,,,,,,,,,,,,,,,,,,,,,,,,,,,,,,,,,,,,,,,,,,,,,,,,,,,,,,,,,,,,,,,,,,,,,,,,,,,,,,,,,,,,,,,,,,,,,,,,,,,,,,,,,,,,,,,,,,,,,,,,,,,,,,,,,,,,,,,,,,,,,,,,,,,,,,,,,,,,,,,,,,,,,,,,,,,,,,,,,,,,,,,,,,,,,,,,,,,,,,,,,,,,,,,,,,,,,,,,,,,,,,,,,,,,,,,,,,,,,,,,,,,,,,,,,,,,,,,,,,,,,,,,,,,,,,,,,,,,,,,,,,,,,,,,,,,,,,,,,,,,,,,,,,,,,,,,,,,,,,,,,,,,,,,,,,,,,,,,,,,,,,,,,,,,,,,,,,,,,,,,,,,,,,,,,,,,,,,,,,,,,,,,,,,,,,,,,,,,,,,,,,,,,,,,,,,,,,,,,,,,,,,,,,,,,,,,,,,,,,,,,,,,,,,,,,,,,,,,,,,,,,,,,,,,,,,,,,,,,,,,,,,,,,,,,,,,,,,,,,,,,,,,,,,,,,,,,,,,,,,,,,,,,,,,,,,,,,,,,,,,,,,,,,,,,,,,,,,,,,,,,,,,,,,,,,,,,,,,,,,,,,,,,,,,,,,,,,,,,,,,,,,,,,,,,,,,,,,,,,,,,,,,,,,,,,,,,,,,,,,,,,,,,,,,,,,,,,,,,,,,,,,,,,,,,,,,,,,,,,,,,,,,,,,,,,,,,,,,,,,,,,,,,,,,,,,,,,,,,,,,,,,,,,,,,,,,,,,,,,,,,,,,,,,,,,,,,,,,,,,,,,,,,,,,,,,,,,,,,,,,,,,,,,,,,,,,,,,,,,,,,,,,,,,,,,,,,,,,,,,,,,,,,,,,,,,,,,,,,,,,,,,,,,,,,,,,,,,,,,,,,,,
Xie Lei Zhang Tong,72,672,1280,50506,405753,79659,2130,2316,2492,8820,57560,3592,3594,3643,3663,3655,3691,389434,8022,89884,3988,4041,79258,3110,4629,1482,4868,7849,5428,5449,5450,5589,5626,51128,11231,1836,1811,5172,6514,6523,6528,6550,6689,10653,79867,7038,7067,7068,9966,23534,7173,9321,55687,7252,7253,57539,7490,9839,251,254863,400550,,,,,,,,,,,,,,,,,,,,,,,,,,,,,,,,,,,,,,,,,,,,,,,,,,,,,,,,,,,,,,,,,,,,,,,,,,,,,,,,,,,,,,,,,,,,,,,,,,,,,,,,,,,,,,,,,,,,,,,,,,,,,,,,,,,,,,,,,,,,,,,,,,,,,,,,,,,,,,,,,,,,,,,,,,,,,,,,,,,,,,,,,,,,,,,,,,,,,,,,,,,,,,,,,,,,,,,,,,,,,,,,,,,,,,,,,,,,,,,,,,,,,,,,,,,,,,,,,,,,,,,,,,,,,,,,,,,,,,,,,,,,,,,,,,,,,,,,,,,,,,,,,,,,,,,,,,,,,,,,,,,,,,,,,,,,,,,,,,,,,,,,,,,,,,,,,,,,,,,,,,,,,,,,,,,,,,,,,,,,,,,,,,,,,,,,,,,,,,,,,,,,,,,,,,,,,,,,,,,,,,,,,,,,,,,,,,,,,,,,,,,,,,,,,,,,,,,,,,,,,,,,,,,,,,,,,,,,,,,,,,,,,,,,,,,,,,,,,,,,,,,,,,,,,,,,,,,,,,,,,,,,,,,,,,,,,,,,,,,,,,,,,,,,,,,,,,,,,,,,,,,,,,,,,,,,,,,,,,,,,,,,,,,,,,,,,,,,,,,,,,,,,,,,,,,,,,,,,,,,,,,,,,,,,,,,,,,,,,,,,,,,,,,,,,,,,,,,,,,,,,,,,,,,,,,,,,,,,,,,,,,,,,,,,,,,,,,,,,,,,,,,,,,,,,,,,,,,,,,,,,,,,,,,,,,,,,,,,,,,,,,,,,,,,,,,,,,,,,,,,,,,,,,,,,,,,,,,,,,,,,,,,,,,,,,,,,,,,,,,,,,,,,,,,,,,,,,,,,,,,,,,,,,,,,,,,,,,,,,,,,,,,,,,,,,,,,,,,,,,,,,,,,,,,,,,,,,,,,,,,,,,,,,,,,,,,,,,,,,,,,,,,,,,,,,,,,,,,,,,,,,,,,,,,,,,,,,,,,,,,,,,,,,,,,,,,,,,,,,,,,,,,,,,,,,,,,,,,,,,,,,,,,,,,,,,,,,,,,,,,,,,,,,,,,,,,,,,,,,,,,,,,,,,,,,,,,,,,,,,,,,,,,,,,,,,,,,,,,,,,,,,,,,,,,,,,,,,,,,,,,,,,,,,,,,,,,,,,,,,,,,,,,,,,,,,,,,,,,,,,,,,,,,,,,,,,,,,,,,,,,,,,,,,,,,,,,,,,,,,,,,,,,,,,,,,,,,,,,,,,,,,,,,,,,,,,,,,,,,,,,,,,,,,,,,,,,,,,,,,,,,,,,,,,,,,,,,,,,,,,,,,,,,,,,,,,,,,,,,,,,,,,,,,,,,,,,,,,,,,,,,,,,,,,,,,,,,,,,,,,,,,,,,,,,,,,,,,,,,,,,,,,,,,,,,,,,,,,,,,,,,,,,,,,,,
Na Dai,25,613,5095,5096,861,115286,6514,55630,7040,,,,,,,,,,,,,,,,,,,,,,,,,,,,,,,,,,,,,,,,,,,,,,,,,,,,,,,,,,,,,,,,,,,,,,,,,,,,,,,,,,,,,,,,,,,,,,,,,,,,,,,,,,,,,,,,,,,,,,,,,,,,,,,,,,,,,,,,,,,,,,,,,,,,,,,,,,,,,,,,,,,,,,,,,,,,,,,,,,,,,,,,,,,,,,,,,,,,,,,,,,,,,,,,,,,,,,,,,,,,,,,,,,,,,,,,,,,,,,,,,,,,,,,,,,,,,,,,,,,,,,,,,,,,,,,,,,,,,,,,,,,,,,,,,,,,,,,,,,,,,,,,,,,,,,,,,,,,,,,,,,,,,,,,,,,,,,,,,,,,,,,,,,,,,,,,,,,,,,,,,,,,,,,,,,,,,,,,,,,,,,,,,,,,,,,,,,,,,,,,,,,,,,,,,,,,,,,,,,,,,,,,,,,,,,,,,,,,,,,,,,,,,,,,,,,,,,,,,,,,,,,,,,,,,,,,,,,,,,,,,,,,,,,,,,,,,,,,,,,,,,,,,,,,,,,,,,,,,,,,,,,,,,,,,,,,,,,,,,,,,,,,,,,,,,,,,,,,,,,,,,,,,,,,,,,,,,,,,,,,,,,,,,,,,,,,,,,,,,,,,,,,,,,,,,,,,,,,,,,,,,,,,,,,,,,,,,,,,,,,,,,,,,,,,,,,,,,,,,,,,,,,,,,,,,,,,,,,,,,,,,,,,,,,,,,,,,,,,,,,,,,,,,,,,,,,,,,,,,,,,,,,,,,,,,,,,,,,,,,,,,,,,,,,,,,,,,,,,,,,,,,,,,,,,,,,,,,,,,,,,,,,,,,,,,,,,,,,,,,,,,,,,,,,,,,,,,,,,,,,,,,,,,,,,,,,,,,,,,,,,,,,,,,,,,,,,,,,,,,,,,,,,,,,,,,,,,,,,,,,,,,,,,,,,,,,,,,,,,,,,,,,,,,,,,,,,,,,,,,,,,,,,,,,,,,,,,,,,,,,,,,,,,,,,,,,,,,,,,,,,,,,,,,,,,,,,,,,,,,,,,,,,,,,,,,,,,,,,,,,,,,,,,,,,,,,,,,,,,,,,,,,,,,,,,,,,,,,,,,,,,,,,,,,,,,,,,,,,,,,,,,,,,,,,,,,,,,,,,,,,,,,,,,,,,,,,,,,,,,,,,,,,,,,,,,,,,,,,,,,,,,,,,,,,,,,,,,,,,,,,,,,,,,,,,,,,,,,,,,,,,,,,,,,,,,,,,,,,,,,,,,,,,,,,,,,,,,,,,,,,,,,,,,,,,,,,,,,,,,,,,,,,,,,,,,,,,,,,,,,,,,,,,,,,,,,,,,,,,,,,,,,,,,,,,,,,,,,,,,,,,,,,,,,,,,,,,,,,,,,,,,,,,,,,,,,,,,,,,,,,,,,,,,,,,,,,,,,,,,,,,,,,,,,,,,,,,,,,,,,,,,,,,,,,,,,,,,,,,,,,,,,,,,,,,,,,,,,,,,,,,,
Ou E,6833,34,37,38,53,197322,9049,210,5832,229,440138,10195,249,359,383,435,445,50617,546,551,554,593,594,388962,673,686,79827,1371,1373,1376,1497,1583,1584,1585,1591,1629,8694,1716,1717,1956,8518,2108,2109,2110,2161,2316,55572,2581,2582,2592,2639,2693,2717,3141,3145,6927,3172,3251,3284,3712,3758,3767,3988,4023,56922,4221,23417,166785,326625,4351,4358,4598,162417,4694,126328,51103,91942,25915,29078,79133,4709,4715,4719,4720,4722,4724,4726,4723,4729,50674,4306,80224,26873,5009,5019,5095,5096,84992,5373,5428,5498,6288,51128,6337,6338,6340,710,6557,6584,6535,9056,6609,6748,8869,6794,79783,6948,55863,7132,7157,55687,1890,7351,9839,,,,,,,,,,,,,,,,,,,,,,,,,,,,,,,,,,,,,,,,,,,,,,,,,,,,,,,,,,,,,,,,,,,,,,,,,,,,,,,,,,,,,,,,,,,,,,,,,,,,,,,,,,,,,,,,,,,,,,,,,,,,,,,,,,,,,,,,,,,,,,,,,,,,,,,,,,,,,,,,,,,,,,,,,,,,,,,,,,,,,,,,,,,,,,,,,,,,,,,,,,,,,,,,,,,,,,,,,,,,,,,,,,,,,,,,,,,,,,,,,,,,,,,,,,,,,,,,,,,,,,,,,,,,,,,,,,,,,,,,,,,,,,,,,,,,,,,,,,,,,,,,,,,,,,,,,,,,,,,,,,,,,,,,,,,,,,,,,,,,,,,,,,,,,,,,,,,,,,,,,,,,,,,,,,,,,,,,,,,,,,,,,,,,,,,,,,,,,,,,,,,,,,,,,,,,,,,,,,,,,,,,,,,,,,,,,,,,,,,,,,,,,,,,,,,,,,,,,,,,,,,,,,,,,,,,,,,,,,,,,,,,,,,,,,,,,,,,,,,,,,,,,,,,,,,,,,,,,,,,,,,,,,,,,,,,,,,,,,,,,,,,,,,,,,,,,,,,,,,,,,,,,,,,,,,,,,,,,,,,,,,,,,,,,,,,,,,,,,,,,,,,,,,,,,,,,,,,,,,,,,,,,,,,,,,,,,,,,,,,,,,,,,,,,,,,,,,,,,,,,,,,,,,,,,,,,,,,,,,,,,,,,,,,,,,,,,,,,,,,,,,,,,,,,,,,,,,,,,,,,,,,,,,,,,,,,,,,,,,,,,,,,,,,,,,,,,,,,,,,,,,,,,,,,,,,,,,,,,,,,,,,,,,,,,,,,,,,,,,,,,,,,,,,,,,,,,,,,,,,,,,,,,,,,,,,,,,,,,,,,,,,,,,,,,,,,,,,,,,,,,,,,,,,,,,,,,,,,,,,,,,,,,,,,,,,,,,,,,,,,,,,,,,,,,,,,,,,,,,,,,,,,,,,,,,,,,,,,,,,,,,,,,,,,,,,,,,,,,,,,,,,,,,,,,,,,,,,,,,,,,,,,,,,,,,,,,,,,,,,,,,,,,,,,,,,,,,,,,,,,,,,,,,,,,,,,,,,,,,,,,,,,,,,,,,,,,,,,,,,,,,,,,,,,,,,,,,,,,,,,,,,,,,,,,,,,,,,,,,,,,,,,,,,,,,,,,,,,,,,,,,,,,,,,,,,,,,,,,,,,,,,,,,,,,,,,,,,,,,,,,,,,,,,,,,,,,,,,,,,,,,,,,,,,,,,,,,,,,,,,,,,,,,,,,,,,,,,,,,,,,,,,,,,,,,,,,,,,,,,,,,,,,,,,,,,,,,,,,,,,,,,,,,,,,,,,,,,,,,,,,,,,,,,
Da Bian Mi Jie,71,88,210,249,359,9915,421,429,546,554,9031,8915,627,330,673,672,779,846,284119,285025,10225,79577,6792,55997,1131,113189,493856,7461,80347,1281,1294,1312,4512,4513,4514,1371,1387,1497,1644,23259,1650,1674,1717,50506,405753,79659,1889,1908,1910,2006,8518,2033,4072,8220,2132,22909,8547,2260,2313,2314,2316,2290,27086,2512,80199,2556,2563,2668,57165,2736,2812,145258,2969,9569,8820,7290,3145,3190,60495,3492,3508,3640,23096,389434,221037,8514,3758,100134444,23028,3815,4297,3845,3861,3852,8022,89884,3984,4001,9860,4047,54551,10892,55777,4204,9968,4210,4292,27030,51085,4312,4436,2956,4604,259232,4535,4538,4540,4541,1482,4929,4902,9378,4952,5015,7849,5095,5096,5156,401,8929,55650,5290,23203,5378,5395,5428,11232,5449,5498,63976,5621,128674,5626,10743,473,5979,5982,6239,6299,6336,11280,6335,6338,6340,6389,6390,6391,9632,10512,223117,57477,6496,6497,6557,6576,5172,6528,6531,6535,64093,6609,9627,6663,6657,6658,6708,10847,127833,6872,26608,6899,6925,7038,7048,7067,7068,7132,7148,7173,7200,7201,4556,4558,4564,4566,4567,4572,4574,4575,4578,7252,7253,7276,1890,7337,89910,7353,285175,389856,81839,55823,51322,7466,9839,248,7965,250,55870,51802,27443,145508,79598,7122,26507,53942,8533,23399,9265,1613,10671,1750,127343,1819,2220,2287,2580,2828,27440,8479,3185,7087,3658,3754,3768,4140,51586,100463498,283446,29104,56926,56139,56142,9752,5435,55012,56979,5576,57403,9628,53820,7732,6545,6525,60436,3196,27439,146691,7109,81559,79876,57623,7542,84107,85416,7753,387569,256006,3734,10438,8999,51142,645345,100128657,497231,9575,729530,100240736,100528026,100874048,1732,1744,146754,1770,55735,26052,100124415,148753,780900,550626,158521,100188848,2724,2800,29909,124535,100750326,728655,100188825,100188321,574432,100529151,100190930,3886,102724933,100130452,105370538,105371114,107984397,107985290,107986082,107986083,107987102,109029536,111674472,55283,442898,574442,135656,4674,148545,57701,54114,114883,22976,100303716,100302739,57092,5120,542767,79849,144100,359825,326275,63944,100420292,100419178,100287216,100196918,197187,106635540,692157,619499,677811,221711,442777,27285,137970,9098,100287272,7441,105664404,728723,729013,84524,619279,,,,,,,,,,,,,,,,,,,,,,,,,,,,,,,,,,,,,,,,,,,,,,,,,,,,,,,,,,,,,,,,,,,,,,,,,,,,,,,,,,,,,,,,,,,,,,,,,,,,,,,,,,,,,,,,,,,,,,,,,,,,,,,,,,,,,,,,,,,,,,,,,,,,,,,,,,,,,,,,,,,,,,,,,,,,,,,,,,,,,,,,,,,,,,,,,,,,,,,,,,,,,,,,,,,,,,,,,,,,,,,,,,,,,,,,,,,,,,,,,,,,,,,,,,,,,,,,,,,,,,,,,,,,,,,,,,,,,,,,,,,,,,,,,,,,,,,,,,,,,,,,,,,,,,,,,,,,,,,,,,,,,,,,,,,,,,,,,,,,,,,,,,,,,,,,,,,,,,,,,,,,,,,,,,,,,,,,,,,,,,,,,,,,,,,,,,,,,,,,,,,,,,,,,,,,,,,,,,,,,,,,,,,,,,,,,,,,,,,,,,,,,,,,,,,,,,,,,,,,,,,,,,,,,,,,,,,,,,,,,,,,,,,,,,,,,,,,,,,,,,,,,,,,,,,,,,,,,,,,,,,,,,,,,,,,,,,,,,,,,,,,,,,,,,,,,,,,,,,,,,,,,,,,,,,,,,,,,,,,,,,,,,,,,,,,,,,,,,,,,,,,,,,,,,,,,,,,,,,,,,,,,,,,,,,,,,,,,,,,,,,,,,,,,,,,,,,,,,,,,,,,,,,,,,,,,,,,,,,,,,,,,,,,,,,,,,,,,,,,,,,,,,,,,,,,,,,,,,,,,,,,,,,,,,,,,,,,,,,,,,,,,,,,,,,,,,,,,,,,,,,,,,,,,,,,,,,,,,,,,,,,,,,,,,,,,,,,,,,,,,,,,,,,,,,,,,,,,,,,,,,,,,,,,,,,,,,,,,,,,,,,,,,,,,,,,,,,,,,,,,,,,,,,,,,,,,,,,,,,,,,,,,,,,,,,,,,,,,,,,,,,,,,,,,,,,,,,,,,,,,,,,,,,,,,,,,,,,,,,,,,,,,,,,,,,,,,,,,,,,,,,,,,,,,,,,,,,,,,,,,,,,,,,,,,,,,,,,,,,,,,,,,,,,,,,,,,,,,,,,,,,,,,,,,,,,,,,,,,,,,,,,,,
Da Bian Bu Shuang,210,249,359,9915,421,429,546,554,9031,8915,627,330,673,672,779,846,284119,10225,79577,6792,1131,113189,493856,7461,1281,1294,1312,4512,4513,4514,1371,1387,1497,1644,23259,1650,1674,1717,50506,405753,1889,1908,1910,2006,8518,2033,4072,2132,22909,2260,2313,2314,2316,2290,27086,2512,2556,2563,2668,57165,2736,2812,2969,9569,8820,7290,3145,3190,60495,3492,3508,389434,221037,8514,3758,100134444,23028,3815,4297,3845,3861,3852,8022,89884,3984,4001,9860,54551,10892,55777,4204,9968,4210,4292,27030,51085,4312,4436,2956,259232,4535,4538,4540,4541,1482,4929,4902,9378,4952,5015,7849,5095,5096,5156,8929,55650,5290,5378,5395,5428,11232,5449,5498,63976,5621,128674,5626,10743,473,5979,5982,6239,6299,6336,11280,6335,6338,6340,6389,6390,6391,9632,10512,223117,6496,6497,6557,5172,6528,6531,6535,6609,9627,6663,6657,6658,10847,6872,26608,6899,6925,7038,7048,7067,7068,7132,7148,7173,7200,7201,4556,4558,4564,4566,4567,4572,4574,4575,4578,7252,7253,7276,1890,7337,89910,7353,285175,81839,55823,51322,7466,9839,,,,,,,,,,,,,,,,,,,,,,,,,,,,,,,,,,,,,,,,,,,,,,,,,,,,,,,,,,,,,,,,,,,,,,,,,,,,,,,,,,,,,,,,,,,,,,,,,,,,,,,,,,,,,,,,,,,,,,,,,,,,,,,,,,,,,,,,,,,,,,,,,,,,,,,,,,,,,,,,,,,,,,,,,,,,,,,,,,,,,,,,,,,,,,,,,,,,,,,,,,,,,,,,,,,,,,,,,,,,,,,,,,,,,,,,,,,,,,,,,,,,,,,,,,,,,,,,,,,,,,,,,,,,,,,,,,,,,,,,,,,,,,,,,,,,,,,,,,,,,,,,,,,,,,,,,,,,,,,,,,,,,,,,,,,,,,,,,,,,,,,,,,,,,,,,,,,,,,,,,,,,,,,,,,,,,,,,,,,,,,,,,,,,,,,,,,,,,,,,,,,,,,,,,,,,,,,,,,,,,,,,,,,,,,,,,,,,,,,,,,,,,,,,,,,,,,,,,,,,,,,,,,,,,,,,,,,,,,,,,,,,,,,,,,,,,,,,,,,,,,,,,,,,,,,,,,,,,,,,,,,,,,,,,,,,,,,,,,,,,,,,,,,,,,,,,,,,,,,,,,,,,,,,,,,,,,,,,,,,,,,,,,,,,,,,,,,,,,,,,,,,,,,,,,,,,,,,,,,,,,,,,,,,,,,,,,,,,,,,,,,,,,,,,,,,,,,,,,,,,,,,,,,,,,,,,,,,,,,,,,,,,,,,,,,,,,,,,,,,,,,,,,,,,,,,,,,,,,,,,,,,,,,,,,,,,,,,,,,,,,,,,,,,,,,,,,,,,,,,,,,,,,,,,,,,,,,,,,,,,,,,,,,,,,,,,,,,,,,,,,,,,,,,,,,,,,,,,,,,,,,,,,,,,,,,,,,,,,,,,,,,,,,,,,,,,,,,,,,,,,,,,,,,,,,,,,,,,,,,,,,,,,,,,,,,,,,,,,,,,,,,,,,,,,,,,,,,,,,,,,,,,,,,,,,,,,,,,,,,,,,,,,,,,,,,,,,,,,,,,,,,,,,,,,,,,,,,,,,,,,,,,,,,,,,,,,,,,,,,,,,,,,,,,,,,,,,,,,,,,,,,,,,,,,,,,,,,,,,,,,,,,,,,,,,,,,,,,,,,,,,,,,,,,,,,,,,,,,,,,,,,,,,,,,,,,,,,,,,,,,,,,,,,,,,,,,,,,,,,,,,,,,,,,,,,,,,,,,,,,,,,,,,,,,,,,,,,,,,,,,,,,,,,,,,,,,,,,,,,,,,,,,,,,,,,,,,,,,,,,,,,,,,,,,,,,,,,,,,,
syndrome of liver heat and blood stasis,10061,55324,1636,26027,134526,80221,197322,90,51094,158,159,4299,268,279,155185,51321,23253,367,491,9551,10632,539,537,525,526,538,6795,158833,146712,578,587,597,599,635,79444,27302,9210,651,653,353500,656,666,83990,84446,9024,8945,728,9254,84869,6364,3491,57820,900,940,974,8556,991,995,1004,1038,1056,94115,79094,283489,1106,1111,1116,1144,1145,1146,1149,1195,171425,100529144,80315,10815,1371,53981,51692,153222,58487,1428,1487,58190,8065,2919,4519,9265,1605,1616,9937,64858,64421,23576,1642,1655,23181,57609,22982,64215,29103,55192,131118,23234,1786,64174,64180,8813,1807,56896,151636,11266,51207,128853,80824,150290,142679,63904,78986,1845,1849,1879,64641,253738,57593,9718,9427,60678,133584,2013,2023,387712,22875,2047,2100,2113,79152,55120,2199,8789,2230,2867,2865,2281,96459,2303,2305,79068,10146,8729,2653,51573,2657,10220,9573,8200,392255,151449,2661,284161,54857,220032,2673,9945,57369,51228,2752,8833,2770,2773,132789,64388,2932,10013,84064,27440,9146,3145,3156,3185,9455,10855,9955,3290,3419,51124,64135,91156,283284,3598,27190,3624,3625,3626,83729,3641,10022,54973,55756,64768,3658,3662,3704,50618,3739,7881,8514,9196,3758,3766,3768,3769,3770,3772,3773,3760,3761,3765,3784,3792,8570,3841,23633,402569,112849,144811,646262,10637,7044,221496,23592,64077,11157,440738,5607,10746,5599,5601,7867,22919,10982,4139,2011,4140,79772,9656,130752,4194,406947,406991,25974,79258,4359,10232,7978,4598,4638,91807,8883,4536,4540,55707,60491,4821,159296,644524,137814,26257,579,8382,10201,64802,23057,349565,10392,4838,4869,4835,9975,8013,10101,4925,11162,23363,4973,51526,5021,64175,5058,51025,56903,64895,9061,9060,64761,5079,9141,50940,5145,5158,5146,5150,27115,5152,5251,26227,9463,29992,5315,5347,10769,87178,5475,5470,5532,5533,100506012,5547,5587,2185,138639,9698,23369,5829,5864,5886,10411,55147,9978,10171,56729,25996,8786,6002,6003,10636,26575,64407,10287,8601,431704,5998,9628,6000,85397,8787,284716,57494,22999,6037,57674,6050,6098,6121,22895,22934,51750,100533107,84816,6283,6279,6294,4068,23235,23387,6556,6557,6558,6559,57468,9990,10723,84561,56996,6561,9058,64849,26266,284111,6564,9389,9963,146861,23516,9497,56301,157724,57709,6542,84889,9057,11136,57152,6602,6616,27044,81609,27131,100129518,9576,6715,54434,85464,54961,6780,55240,92335,134957,6888,10010,83940,9797,128387,30009,6915,7019,7022,79178,7293,1787,7220,57113,9039,79876,55236,55293,7391,9100,9958,7402,6844,10791,7409,134430,7511,7512,63929,7533,53349,84936,7784,,,,,,,,,,,,,,,,,,,,,,,,,,,,,,,,,,,,,,,,,,,,,,,,,,,,,,,,,,,,,,,,,,,,,,,,,,,,,,,,,,,,,,,,,,,,,,,,,,,,,,,,,,,,,,,,,,,,,,,,,,,,,,,,,,,,,,,,,,,,,,,,,,,,,,,,,,,,,,,,,,,,,,,,,,,,,,,,,,,,,,,,,,,,,,,,,,,,,,,,,,,,,,,,,,,,,,,,,,,,,,,,,,,,,,,,,,,,,,,,,,,,,,,,,,,,,,,,,,,,,,,,,,,,,,,,,,,,,,,,,,,,,,,,,,,,,,,,,,,,,,,,,,,,,,,,,,,,,,,,,,,,,,,,,,,,,,,,,,,,,,,,,,,,,,,,,,,,,,,,,,,,,,,,,,,,,,,,,,,,,,,,,,,,,,,,,,,,,,,,,,,,,,,,,,,,,,,,,,,,,,,,,,,,,,,,,,,,,,,,,,,,,,,,,,,,,,,,,,,,,,,,,,,,,,,,,,,,,,,,,,,,,,,,,,,,,,,,,,,,,,,,,,,,,,,,,,,,,,,,,,,,,,,,,,,,,,,,,,,,,,,,,,,,,,,,,,,,,,,,,,,,,,,,,,,,,,,,,,,,,,,,,,,,,,,,,,,,,,,,,,,,,,,,,,,,,,,,,,,,,,,,,,,,,,,,,,,,,,,,,,,,,,,,,,,,,,,,,,,,,,,,,,,,,,,,,,,,,,,,,,,,,,,,,,,,,,,,,,,,,,,,,,,,,,,,,,,,,,,,,,,,,,,,,,,,,,,,,,,,,,,,,,,,,,,,,,,,,,,,,,,,,,,,,,,,,,,,,,,,,,,,,,,,,,,,,,,,,,,,,,,,,,,,,,,,,,,,,,,,,,,,,,,,,,,,,,,,,,,,,,,,,,,,,,,,,,,,,,,,,,,,,,,,,,,,,,,,,,,,,,,,,,,,,,,,,,,,,,,,,,,,,,,,,,,,,,,,,,,,,,,,,,,,,,,,,,,,,,,,,,,,,,,,,,,,,,,,,,,,,,,,,,,,,,,
Pi Fu Gan Zao,19,26154,65057,100,224,242,59344,9915,538,8314,673,846,940,1019,1029,1030,1032,55636,9076,1493,126410,64421,1643,22845,1896,10913,128178,6785,2068,2071,2072,2073,2074,1161,2260,2517,2697,2707,127534,2767,2961,8820,112752,8517,3561,3575,3643,284058,3845,3981,643418,5604,5605,51360,4157,4255,4286,9526,4668,348938,64127,4853,54888,8481,5015,5053,7849,5116,5184,5191,5264,5317,5429,25913,128674,5894,5896,5897,6023,165918,100151683,6303,55630,6528,6657,6658,11005,412,54386,7015,7051,7067,26277,7133,8626,7200,4308,7253,117581,7319,57654,80326,7507,7508,,,,,,,,,,,,,,,,,,,,,,,,,,,,,,,,,,,,,,,,,,,,,,,,,,,,,,,,,,,,,,,,,,,,,,,,,,,,,,,,,,,,,,,,,,,,,,,,,,,,,,,,,,,,,,,,,,,,,,,,,,,,,,,,,,,,,,,,,,,,,,,,,,,,,,,,,,,,,,,,,,,,,,,,,,,,,,,,,,,,,,,,,,,,,,,,,,,,,,,,,,,,,,,,,,,,,,,,,,,,,,,,,,,,,,,,,,,,,,,,,,,,,,,,,,,,,,,,,,,,,,,,,,,,,,,,,,,,,,,,,,,,,,,,,,,,,,,,,,,,,,,,,,,,,,,,,,,,,,,,,,,,,,,,,,,,,,,,,,,,,,,,,,,,,,,,,,,,,,,,,,,,,,,,,,,,,,,,,,,,,,,,,,,,,,,,,,,,,,,,,,,,,,,,,,,,,,,,,,,,,,,,,,,,,,,,,,,,,,,,,,,,,,,,,,,,,,,,,,,,,,,,,,,,,,,,,,,,,,,,,,,,,,,,,,,,,,,,,,,,,,,,,,,,,,,,,,,,,,,,,,,,,,,,,,,,,,,,,,,,,,,,,,,,,,,,,,,,,,,,,,,,,,,,,,,,,,,,,,,,,,,,,,,,,,,,,,,,,,,,,,,,,,,,,,,,,,,,,,,,,,,,,,,,,,,,,,,,,,,,,,,,,,,,,,,,,,,,,,,,,,,,,,,,,,,,,,,,,,,,,,,,,,,,,,,,,,,,,,,,,,,,,,,,,,,,,,,,,,,,,,,,,,,,,,,,,,,,,,,,,,,,,,,,,,,,,,,,,,,,,,,,,,,,,,,,,,,,,,,,,,,,,,,,,,,,,,,,,,,,,,,,,,,,,,,,,,,,,,,,,,,,,,,,,,,,,,,,,,,,,,,,,,,,,,,,,,,,,,,,,,,,,,,,,,,,,,,,,,,,,,,,,,,,,,,,,,,,,,,,,,,,,,,,,,,,,,,,,,,,,,,,,,,,,,,,,,,,,,,,,,,,,,,,,,,,,,,,,,,,,,,,,,,,,,,,,,,,,,,,,,,,,,,,,,,,,,,,,,,,,,,,,,,,,,,,,,,,,,,,,,,,,,,,,,,,,,,,,,,,,,,,,,,,,,,,,,,,,,,,,,,,,,,,,,,,,,,,,,,,,,,,,,,,,,,,,,,,,,,,,,,,,,,,,,,,,,,,,,,,,,,,,,,,,,,,,,,,,,,,,,,,,,,,,,,,,,,,,,,,,,,,,,,,,,,,,,,,,,,,,,,,,,,,,,,,,,,,,,,,,,,,,,,,,,,,,,,,,,,,,,,,,,,,,,,,,,,,,,,,,,,,,,,,,,,,,,,,,,,,,,,,,,,,,,,,,,,,,,,,,,,,,,,,,,,,,,,,,,,,,,,,,,,,
Kou Gan,283,6311,567,857,899,1235,400916,25978,1131,1610,1639,2043,2066,55612,2255,2263,2261,9896,2521,2733,3123,3178,3663,3930,9782,4744,4750,64127,10133,5216,5444,5445,5446,10891,5630,6335,6647,8878,8148,23435,29110,8626,54209,29978,23025,9217,7415,,,,,,,,,,,,,,,,,,,,,,,,,,,,,,,,,,,,,,,,,,,,,,,,,,,,,,,,,,,,,,,,,,,,,,,,,,,,,,,,,,,,,,,,,,,,,,,,,,,,,,,,,,,,,,,,,,,,,,,,,,,,,,,,,,,,,,,,,,,,,,,,,,,,,,,,,,,,,,,,,,,,,,,,,,,,,,,,,,,,,,,,,,,,,,,,,,,,,,,,,,,,,,,,,,,,,,,,,,,,,,,,,,,,,,,,,,,,,,,,,,,,,,,,,,,,,,,,,,,,,,,,,,,,,,,,,,,,,,,,,,,,,,,,,,,,,,,,,,,,,,,,,,,,,,,,,,,,,,,,,,,,,,,,,,,,,,,,,,,,,,,,,,,,,,,,,,,,,,,,,,,,,,,,,,,,,,,,,,,,,,,,,,,,,,,,,,,,,,,,,,,,,,,,,,,,,,,,,,,,,,,,,,,,,,,,,,,,,,,,,,,,,,,,,,,,,,,,,,,,,,,,,,,,,,,,,,,,,,,,,,,,,,,,,,,,,,,,,,,,,,,,,,,,,,,,,,,,,,,,,,,,,,,,,,,,,,,,,,,,,,,,,,,,,,,,,,,,,,,,,,,,,,,,,,,,,,,,,,,,,,,,,,,,,,,,,,,,,,,,,,,,,,,,,,,,,,,,,,,,,,,,,,,,,,,,,,,,,,,,,,,,,,,,,,,,,,,,,,,,,,,,,,,,,,,,,,,,,,,,,,,,,,,,,,,,,,,,,,,,,,,,,,,,,,,,,,,,,,,,,,,,,,,,,,,,,,,,,,,,,,,,,,,,,,,,,,,,,,,,,,,,,,,,,,,,,,,,,,,,,,,,,,,,,,,,,,,,,,,,,,,,,,,,,,,,,,,,,,,,,,,,,,,,,,,,,,,,,,,,,,,,,,,,,,,,,,,,,,,,,,,,,,,,,,,,,,,,,,,,,,,,,,,,,,,,,,,,,,,,,,,,,,,,,,,,,,,,,,,,,,,,,,,,,,,,,,,,,,,,,,,,,,,,,,,,,,,,,,,,,,,,,,,,,,,,,,,,,,,,,,,,,,,,,,,,,,,,,,,,,,,,,,,,,,,,,,,,,,,,,,,,,,,,,,,,,,,,,,,,,,,,,,,,,,,,,,,,,,,,,,,,,,,,,,,,,,,,,,,,,,,,,,,,,,,,,,,,,,,,,,,,,,,,,,,,,,,,,,,,,,,,,,,,,,,,,,,,,,,,,,,,,,,,,,,,,,,,,,,,,,,,,,,,,,,,,,,,,,,,,,,,,,,,,,,,,,,,,,,,,,,,,,,,,,,,,,,,,,,,,,,,,,,,,,,,,,,,,,,,,,,,,,,,,,,,,,,,,,,,,,,,,,,,,,,,,,,,,,,,,,,,,,,,,,,,,,,,,,,,,,,,,,,,,,,,,,,,,,,,,,,,,,,,,,,,,,,,,,,,,,,,,,,,,,,,,,,,,,,,,,,,,
syndrome of spleen deficiency and dampness stagnation,1,29974,144568,16,18,19,10349,26154,154664,20,21,24,23461,10347,10350,23456,22885,34,84320,51,52,55,93650,54,390928,49,64431,8038,54507,23536,283383,347088,2015,30817,84658,266977,222611,165082,221393,221395,10149,222487,139378,221188,57211,84873,22859,23266,23284,64123,124,23394,56985,146,150,153,154,122622,175,79814,189,64902,10768,197,51390,9590,79647,216,217,223,84920,79868,199857,285016,7840,57463,196394,276,278,279,10393,29945,285,55908,57037,314,162,10947,9546,147495,333,338,344,319,350,81575,351,55198,282679,10565,383,9824,201176,2909,9912,23526,397,196528,54622,64860,56938,27106,420,421,440,151516,79058,28990,89849,23130,79065,51062,64225,27032,506,90423,549,566,145173,54971,166379,583,129880,27241,9564,590,622,56898,55859,51283,112401,54841,282991,154743,664,100528007,29117,8927,100131137,121551,91408,56913,29071,51279,716,717,25966,145741,9847,720,721,731,732,10369,57662,138199,844,845,347732,8436,874,84869,90693,165055,80071,154467,149483,84660,26112,83446,60494,55704,80212,885,1234,977,914,80381,9936,915,920,4179,966,924,975,22918,994,55664,79577,29965,51755,54901,30850,1056,63036,51032,23436,23670,1060,201254,145508,9662,283638,55165,23177,80321,55722,84902,91012,144406,56683,629,55997,653275,1675,3426,84952,400916,1116,1119,386593,1122,79586,89832,1136,8973,55584,1140,1141,1142,1143,166012,51363,63922,54921,63924,23562,7461,1203,10845,9337,11064,22837,8161,150684,51397,54951,51138,51805,10699,10391,1353,90639,116228,79974,221184,286204,64764,9419,51379,1427,9946,1435,1438,1439,1442,1445,751071,80169,1491,115908,1495,440387,11330,1506,1075,1509,1511,1512,1513,1521,1522,8029,404093,50624,7852,1528,54876,55827,131566,51473,196513,26063,54849,1676,1677,8694,54487,573971,115817,147015,10202,10901,25979,201140,27121,10683,54567,1750,1657,23312,144132,30836,80005,220164,22845,23033,285381,10589,29940,112487,1837,56986,84332,89891,1874,11319,10455,60401,1906,1909,221143,399818,25895,388795,23167,51162,9538,126272,8894,9470,1991,2000,255520,64834,83401,64100,2012,10495,5167,5168,5169,22875,133121,956,2053,55040,2059,64787,54586,51290,2081,90952,11082,55500,55224,84141,59271,55770,60412,10640,54536,11340,5393,2159,50848,2161,2162,2158,92689,81558,150864,54954,57579,51306,26355,221061,345757,283635,8603,54540,200232,388799,54757,9917,84915,9130,51307,81610,25940,283742,22909,2187,10160,9855,79675,22868,2199,129804,84467,25827,26233,26267,80204,26232,26260,23219,150726,93611,26270,84261,2204,2207,9873,9637,2255,143282,10875,161247,55640,2335,252995,2348,2350,3171,27086,8790,23401,84978,2530,53827,9568,2561,2562,2563,2568,9514,2581,2582,114805,117248,64409,374378,8693,11227,11226,51809,26290,50614,168391,442117,64762,51313,2628,23464,7485,2676,84296,2697,2720,79411,89944,113263,26035,51031,55830,51228,388323,2746,2747,10249,92292,9535,10672,79158,127845,2805,2806,8733,7918,2817,170589,2821,11321,2859,2875,84706,2890,2893,2902,2903,116443,55876,1687,2961,83606,2983,60558,3001,3002,2999,3003,3004,8971,333932,3026,201562,115106,54985,3059,143279,283450,9931,8924,3074,124790,3082,3083,3087,11147,135114,3098,3105,3106,3107,3108,3156,3166,10949,3190,29911,84376,3200,3201,3231,3240,54969,3249,3250,3263,9653,222537,374875,3291,51170,345275,51171,3356,9177,170572,200909,285242,3363,3385,122509,10437,3454,26160,57560,57722,3480,3481,53833,59067,50615,58985,3561,9235,146433,196294,83943,10989,55924,54617,83444,55726,55656,27152,10526,132141,134728,64207,51015,3674,3678,3683,3688,3709,150771,390243,3714,120425,84056,143879,55709,84078,253980,65987,200845,23351,9851,653319,57691,23588,57565,11275,51088,55958,3816,5655,11012,43849,26085,43847,55554,3817,9622,5653,5650,11202,284366,3818,83999,54474,112970,8942,284217,3908,3911,3914,3915,7805,81606,3931,389812,3938,3939,3945,114823,137994,85329,29124,56891,148003,3960,284194,654346,3982,200879,55788,4008,348801,222484,91694,4017,4018,9404,286006,4057,256586,8216,28992,9500,115416,4125,4129,7786,9175,11184,55700,5648,10747,114785,51562,10150,4199,4200,84246,9412,90390,9443,1953,1955,151194,29081,196410,10227,79157,256471,4253,142678,4277,90007,54468,145282,100126318,83881,4300,4324,4325,4326,4327,9313,118856,8511,64386,56547,4317,4330,92597,80168,79710,51660,25874,4359,117195,84245,727957,140699,6150,57129,54534,10240,345222,4485,4487,4488,80298,4528,9110,23517,9788,143662,4602,29104,24142,266812,63908,57106,26151,51517,54602,5818,5819,25945,81607,4741,6787,9054,4803,51199,4815,25934,79570,85409,28512,51701,161424,100996763,50508,29881,26012,84081,123803,4914,80224,134492,83594,256281,220323,4942,54959,283298,169611,25903,4986,4999,114884,26031,114882,734,26578,51633,341350,5033,80336,54873,152559,85315,344838,399909,64430,58488,9468,56034,8050,149420,5164,375033,55825,5190,80055,84547,267004,5236,9489,9678,5256,5257,90102,84457,85007,63895,80119,23556,80235,118788,57095,5313,5315,5318,8502,153770,5324,5327,25894,57475,9842,1263,5360,10154,9240,100528030,5426,661,64091,5450,10891,8497,10105,57460,170954,129285,5509,55012,9701,118471,56980,153768,10216,23683,79706,80758,84726,80863,8492,10942,64063,83886,5646,260429,146547,136242,339501,150527,339906,377047,100287362,345062,29122,339105,221191,203074,400668,136541,5652,5657,23550,389362,9051,58155,442213,5731,5738,2185,114971,5799,5836,5837,25797,84074,55647,51715,5865,115273,10244,5884,5900,10267,57610,26953,65059,5913,55225,10616,10137,9904,5935,55544,83759,5939,157506,8434,221035,92840,5649,5972,55196,117584,55312,10737,55159,5994,57414,25807,55288,196383,60561,53820,55005,7732,9604,81847,57674,11237,26015,6142,10799,6240,26156,64755,112611,10069,6257,6275,9667,344658,79685,89958,9092,152579,6447,132320,6342,222663,6389,195814,121214,23478,90701,83642,223117,9723,64218,54910,10505,9037,54437,10500,80031,8482,57337,51091,347735,55209,83852,10262,375035,344558,6470,6558,6559,84561,56996,63910,116843,6574,55356,10165,89874,29957,203427,283130,91137,10559,7355,80255,80723,206358,219855,2542,81539,153129,30061,84102,23446,57153,126969,204962,84925,83959,113278,130814,6532,157724,57709,6542,84889,6545,8140,9057,84138,9056,11136,10479,23315,128710,9126,56006,389203,221491,6609,57154,6591,25992,50854,389084,6641,57231,122809,11063,93349,389058,53340,6683,132671,56848,169981,6690,90853,83932,10252,6714,9901,8406,27286,6747,51066,6768,54879,56910,8987,261729,6786,8576,79991,55342,201595,387082,6839,81493,163183,84958,257397,255061,117143,9015,83860,151647,25817,51256,11138,54885,93627,90843,6938,55346,6988,6997,81550,79736,55603,115572,80312,400629,374618,7039,56906,83591,9984,92610,200765,166815,9874,80213,7108,51768,51643,79905,146456,84216,84233,55863,85013,23240,65084,51524,55858,8269,201931,440026,757,113452,85025,157378,91147,137695,56674,339967,132724,9407,28983,389208,283471,84000,5651,7113,64699,56649,80975,164656,344805,360200,8764,8718,7292,7136,26092,27433,7167,7168,7177,23430,25823,133022,60684,10107,81559,89122,91107,25893,286827,9866,140691,205860,9320,55006,55687,56302,55503,7248,10102,10194,10099,7106,10098,64061,23270,151613,55622,150737,23548,145567,80727,10426,85378,79770,127253,390595,84959,89910,90025,23352,7347,7353,51569,55325,25972,57558,124739,64854,9712,51096,81839,64601,51028,147645,23584,11326,9897,54838,57590,55255,54521,22911,348793,151525,25937,57002,84327,58486,7541,57621,79696,376940,29066,84186,51201,254887,7539,286128,339559,65243,7542,9765,64393,9204,7771,7697,7738,7743,10520,7768,7770,7571,57209,129025,90075,149076,151126,90594,126070,126068,90333,130557,25925,79818,148254,79230,84527,147929,126295,51157,51545,84622,162966,57547,22834,127396,90592,7562,7552,7627,388507,285989,342892,284459,84133,7589,201516,57643,57688,158586,,,,,,,,,,,,,,,,,,,,,,,,,,,,,,,,,,,,,,,,,,,,,,,,,,,,,,,,,,,,,,,,,,,,,,,,,,,,,,,,,,,,,,,,,,,,,,,,,,,,,,,,,,,,,
Shen Pi,1244,25,55750,9049,212,213,283,79798,9915,472,538,546,6311,8915,596,604,613,330,29760,695,56244,720,595,899,1230,973,974,79577,400916,25978,1281,4512,4513,4514,1374,1376,1493,1610,1639,1643,1756,9829,50506,405753,1991,4072,2043,2057,51752,2066,2068,2071,2072,2073,22909,355,8074,2260,9896,27086,2521,2623,2629,2645,2717,2733,2736,2778,83550,2859,3039,3040,8820,3077,3106,3115,3123,6927,3172,3178,3492,3507,3543,10320,3586,3592,101928376,3593,3594,149233,3643,3663,389434,3717,3785,3786,3815,8302,3845,3930,8022,89884,4000,56262,10892,9782,4210,4221,4292,27030,6945,25974,27249,79258,4352,4436,2956,4485,4615,4625,4535,4538,4540,4541,4744,4750,4791,1482,58484,114548,2908,10133,5015,7849,50940,8622,5156,5216,5277,51604,5290,5295,5378,5395,55624,5444,5445,5446,5449,5450,10891,9581,5566,5573,128674,5626,5630,112476,5657,9051,26191,5774,6135,6138,6154,6165,6125,6204,6218,6223,6229,6231,6234,6235,6201,861,6326,6334,6338,6340,6389,6390,6391,10019,6556,6571,115286,5172,6519,6528,6647,6657,6658,6689,8878,6775,8867,8148,23435,29110,9095,6929,6925,54790,7038,7048,7099,9966,23534,7148,7173,54209,4558,4564,4566,4567,4572,4574,4575,4578,7248,7249,7252,7253,90121,56652,337867,29978,23025,9101,9217,7415,7428,23230,7454,7456,7507,7508,,,,,,,,,,,,,,,,,,,,,,,,,,,,,,,,,,,,,,,,,,,,,,,,,,,,,,,,,,,,,,,,,,,,,,,,,,,,,,,,,,,,,,,,,,,,,,,,,,,,,,,,,,,,,,,,,,,,,,,,,,,,,,,,,,,,,,,,,,,,,,,,,,,,,,,,,,,,,,,,,,,,,,,,,,,,,,,,,,,,,,,,,,,,,,,,,,,,,,,,,,,,,,,,,,,,,,,,,,,,,,,,,,,,,,,,,,,,,,,,,,,,,,,,,,,,,,,,,,,,,,,,,,,,,,,,,,,,,,,,,,,,,,,,,,,,,,,,,,,,,,,,,,,,,,,,,,,,,,,,,,,,,,,,,,,,,,,,,,,,,,,,,,,,,,,,,,,,,,,,,,,,,,,,,,,,,,,,,,,,,,,,,,,,,,,,,,,,,,,,,,,,,,,,,,,,,,,,,,,,,,,,,,,,,,,,,,,,,,,,,,,,,,,,,,,,,,,,,,,,,,,,,,,,,,,,,,,,,,,,,,,,,,,,,,,,,,,,,,,,,,,,,,,,,,,,,,,,,,,,,,,,,,,,,,,,,,,,,,,,,,,,,,,,,,,,,,,,,,,,,,,,,,,,,,,,,,,,,,,,,,,,,,,,,,,,,,,,,,,,,,,,,,,,,,,,,,,,,,,,,,,,,,,,,,,,,,,,,,,,,,,,,,,,,,,,,,,,,,,,,,,,,,,,,,,,,,,,,,,,,,,,,,,,,,,,,,,,,,,,,,,,,,,,,,,,,,,,,,,,,,,,,,,,,,,,,,,,,,,,,,,,,,,,,,,,,,,,,,,,,,,,,,,,,,,,,,,,,,,,,,,,,,,,,,,,,,,,,,,,,,,,,,,,,,,,,,,,,,,,,,,,,,,,,,,,,,,,,,,,,,,,,,,,,,,,,,,,,,,,,,,,,,,,,,,,,,,,,,,,,,,,,,,,,,,,,,,,,,,,,,,,,,,,,,,,,,,,,,,,,,,,,,,,,,,,,,,,,,,,,,,,,,,,,,,,,,,,,,,,,,,,,,,,,,,,,,,,,,,,,,,,,,,,,,,,,,,,,,,,,,,,,,,,,,,,,,,,,,,,,,,,,,,,,,,,,,,,,,,,,,,,,,,,,,,,,,,,,,,,,,,,,,,,,,,,,,,,,,,,,,,,,,,,,,,,,,,,,,,,,,,,,,,,,,,,,,,,,,,,,,,,,,,,,,,,,,,,,,,,,,,,,,,,,,,,,,,,,,,,,,,,,,,,,,,,,,
E Xin,229,776,1584,1585,2108,2109,2110,2492,2717,3145,3762,4023,92667,6288,9056,7157,,,,,,,,,,,,,,,,,,,,,,,,,,,,,,,,,,,,,,,,,,,,,,,,,,,,,,,,,,,,,,,,,,,,,,,,,,,,,,,,,,,,,,,,,,,,,,,,,,,,,,,,,,,,,,,,,,,,,,,,,,,,,,,,,,,,,,,,,,,,,,,,,,,,,,,,,,,,,,,,,,,,,,,,,,,,,,,,,,,,,,,,,,,,,,,,,,,,,,,,,,,,,,,,,,,,,,,,,,,,,,,,,,,,,,,,,,,,,,,,,,,,,,,,,,,,,,,,,,,,,,,,,,,,,,,,,,,,,,,,,,,,,,,,,,,,,,,,,,,,,,,,,,,,,,,,,,,,,,,,,,,,,,,,,,,,,,,,,,,,,,,,,,,,,,,,,,,,,,,,,,,,,,,,,,,,,,,,,,,,,,,,,,,,,,,,,,,,,,,,,,,,,,,,,,,,,,,,,,,,,,,,,,,,,,,,,,,,,,,,,,,,,,,,,,,,,,,,,,,,,,,,,,,,,,,,,,,,,,,,,,,,,,,,,,,,,,,,,,,,,,,,,,,,,,,,,,,,,,,,,,,,,,,,,,,,,,,,,,,,,,,,,,,,,,,,,,,,,,,,,,,,,,,,,,,,,,,,,,,,,,,,,,,,,,,,,,,,,,,,,,,,,,,,,,,,,,,,,,,,,,,,,,,,,,,,,,,,,,,,,,,,,,,,,,,,,,,,,,,,,,,,,,,,,,,,,,,,,,,,,,,,,,,,,,,,,,,,,,,,,,,,,,,,,,,,,,,,,,,,,,,,,,,,,,,,,,,,,,,,,,,,,,,,,,,,,,,,,,,,,,,,,,,,,,,,,,,,,,,,,,,,,,,,,,,,,,,,,,,,,,,,,,,,,,,,,,,,,,,,,,,,,,,,,,,,,,,,,,,,,,,,,,,,,,,,,,,,,,,,,,,,,,,,,,,,,,,,,,,,,,,,,,,,,,,,,,,,,,,,,,,,,,,,,,,,,,,,,,,,,,,,,,,,,,,,,,,,,,,,,,,,,,,,,,,,,,,,,,,,,,,,,,,,,,,,,,,,,,,,,,,,,,,,,,,,,,,,,,,,,,,,,,,,,,,,,,,,,,,,,,,,,,,,,,,,,,,,,,,,,,,,,,,,,,,,,,,,,,,,,,,,,,,,,,,,,,,,,,,,,,,,,,,,,,,,,,,,,,,,,,,,,,,,,,,,,,,,,,,,,,,,,,,,,,,,,,,,,,,,,,,,,,,,,,,,,,,,,,,,,,,,,,,,,,,,,,,,,,,,,,,,,,,,,,,,,,,,,,,,,,,,,,,,,,,,,,,,,,,,,,,,,,,,,,,,,,,,,,,,,,,,,,,,,,,,,,,,,,,,,,,,,,,,,,,,,,,,,,,,,,,,,,,,,,,,,,,,,,,,,,,,,,,,,,,,,,,,,,,,,,,,,,,,,,,,,,,,,,,,,,,,,,,,,,,,,,,,,,,,,,,,,,,,,,,,,,,,,,,,,,,,,,,,,,,,,,,,
Fa Li,1384,84311,51258,,,,,,,,,,,,,,,,,,,,,,,,,,,,,,,,,,,,,,,,,,,,,,,,,,,,,,,,,,,,,,,,,,,,,,,,,,,,,,,,,,,,,,,,,,,,,,,,,,,,,,,,,,,,,,,,,,,,,,,,,,,,,,,,,,,,,,,,,,,,,,,,,,,,,,,,,,,,,,,,,,,,,,,,,,,,,,,,,,,,,,,,,,,,,,,,,,,,,,,,,,,,,,,,,,,,,,,,,,,,,,,,,,,,,,,,,,,,,,,,,,,,,,,,,,,,,,,,,,,,,,,,,,,,,,,,,,,,,,,,,,,,,,,,,,,,,,,,,,,,,,,,,,,,,,,,,,,,,,,,,,,,,,,,,,,,,,,,,,,,,,,,,,,,,,,,,,,,,,,,,,,,,,,,,,,,,,,,,,,,,,,,,,,,,,,,,,,,,,,,,,,,,,,,,,,,,,,,,,,,,,,,,,,,,,,,,,,,,,,,,,,,,,,,,,,,,,,,,,,,,,,,,,,,,,,,,,,,,,,,,,,,,,,,,,,,,,,,,,,,,,,,,,,,,,,,,,,,,,,,,,,,,,,,,,,,,,,,,,,,,,,,,,,,,,,,,,,,,,,,,,,,,,,,,,,,,,,,,,,,,,,,,,,,,,,,,,,,,,,,,,,,,,,,,,,,,,,,,,,,,,,,,,,,,,,,,,,,,,,,,,,,,,,,,,,,,,,,,,,,,,,,,,,,,,,,,,,,,,,,,,,,,,,,,,,,,,,,,,,,,,,,,,,,,,,,,,,,,,,,,,,,,,,,,,,,,,,,,,,,,,,,,,,,,,,,,,,,,,,,,,,,,,,,,,,,,,,,,,,,,,,,,,,,,,,,,,,,,,,,,,,,,,,,,,,,,,,,,,,,,,,,,,,,,,,,,,,,,,,,,,,,,,,,,,,,,,,,,,,,,,,,,,,,,,,,,,,,,,,,,,,,,,,,,,,,,,,,,,,,,,,,,,,,,,,,,,,,,,,,,,,,,,,,,,,,,,,,,,,,,,,,,,,,,,,,,,,,,,,,,,,,,,,,,,,,,,,,,,,,,,,,,,,,,,,,,,,,,,,,,,,,,,,,,,,,,,,,,,,,,,,,,,,,,,,,,,,,,,,,,,,,,,,,,,,,,,,,,,,,,,,,,,,,,,,,,,,,,,,,,,,,,,,,,,,,,,,,,,,,,,,,,,,,,,,,,,,,,,,,,,,,,,,,,,,,,,,,,,,,,,,,,,,,,,,,,,,,,,,,,,,,,,,,,,,,,,,,,,,,,,,,,,,,,,,,,,,,,,,,,,,,,,,,,,,,,,,,,,,,,,,,,,,,,,,,,,,,,,,,,,,,,,,,,,,,,,,,,,,,,,,,,,,,,,,,,,,,,,,,,,,,,,,,,,,,,,,,,,,,,,,,,,,,,,,,,,,,,,,,,,,,,,,,,,,,,,,,,,,,,,,,,,,,,,,,,,,,,,,,,,,,,,,,,,,,,,,,,,,,,,,,,,,,,,,,,,,,,,,,,,,,,,,,,
Na Dai,25,613,5095,5096,861,115286,6514,55630,7040,,,,,,,,,,,,,,,,,,,,,,,,,,,,,,,,,,,,,,,,,,,,,,,,,,,,,,,,,,,,,,,,,,,,,,,,,,,,,,,,,,,,,,,,,,,,,,,,,,,,,,,,,,,,,,,,,,,,,,,,,,,,,,,,,,,,,,,,,,,,,,,,,,,,,,,,,,,,,,,,,,,,,,,,,,,,,,,,,,,,,,,,,,,,,,,,,,,,,,,,,,,,,,,,,,,,,,,,,,,,,,,,,,,,,,,,,,,,,,,,,,,,,,,,,,,,,,,,,,,,,,,,,,,,,,,,,,,,,,,,,,,,,,,,,,,,,,,,,,,,,,,,,,,,,,,,,,,,,,,,,,,,,,,,,,,,,,,,,,,,,,,,,,,,,,,,,,,,,,,,,,,,,,,,,,,,,,,,,,,,,,,,,,,,,,,,,,,,,,,,,,,,,,,,,,,,,,,,,,,,,,,,,,,,,,,,,,,,,,,,,,,,,,,,,,,,,,,,,,,,,,,,,,,,,,,,,,,,,,,,,,,,,,,,,,,,,,,,,,,,,,,,,,,,,,,,,,,,,,,,,,,,,,,,,,,,,,,,,,,,,,,,,,,,,,,,,,,,,,,,,,,,,,,,,,,,,,,,,,,,,,,,,,,,,,,,,,,,,,,,,,,,,,,,,,,,,,,,,,,,,,,,,,,,,,,,,,,,,,,,,,,,,,,,,,,,,,,,,,,,,,,,,,,,,,,,,,,,,,,,,,,,,,,,,,,,,,,,,,,,,,,,,,,,,,,,,,,,,,,,,,,,,,,,,,,,,,,,,,,,,,,,,,,,,,,,,,,,,,,,,,,,,,,,,,,,,,,,,,,,,,,,,,,,,,,,,,,,,,,,,,,,,,,,,,,,,,,,,,,,,,,,,,,,,,,,,,,,,,,,,,,,,,,,,,,,,,,,,,,,,,,,,,,,,,,,,,,,,,,,,,,,,,,,,,,,,,,,,,,,,,,,,,,,,,,,,,,,,,,,,,,,,,,,,,,,,,,,,,,,,,,,,,,,,,,,,,,,,,,,,,,,,,,,,,,,,,,,,,,,,,,,,,,,,,,,,,,,,,,,,,,,,,,,,,,,,,,,,,,,,,,,,,,,,,,,,,,,,,,,,,,,,,,,,,,,,,,,,,,,,,,,,,,,,,,,,,,,,,,,,,,,,,,,,,,,,,,,,,,,,,,,,,,,,,,,,,,,,,,,,,,,,,,,,,,,,,,,,,,,,,,,,,,,,,,,,,,,,,,,,,,,,,,,,,,,,,,,,,,,,,,,,,,,,,,,,,,,,,,,,,,,,,,,,,,,,,,,,,,,,,,,,,,,,,,,,,,,,,,,,,,,,,,,,,,,,,,,,,,,,,,,,,,,,,,,,,,,,,,,,,,,,,,,,,,,,,,,,,,,,,,,,,,,,,,,,,,,,,,,,,,,,,,,,,,,,,,,,,,,,,,,,,,,,,,,,,,,,,,,,,,,,,,,,,,,,,,,,,,,,,,,,,,,,,,,,,,,,,,,,,,
Wan Fu Zhang Man,72,672,1280,50506,405753,79659,2130,2316,2492,8820,57560,3592,3594,3643,3663,3655,3691,389434,8022,89884,3988,4041,79258,3110,4629,1482,4868,7849,5428,5449,5450,5589,5626,51128,11231,1836,1811,5172,6514,6523,6528,6550,6689,10653,79867,7038,7067,7068,9966,23534,7173,9321,55687,7252,7253,57539,7490,9839,251,254863,400550,,,,,,,,,,,,,,,,,,,,,,,,,,,,,,,,,,,,,,,,,,,,,,,,,,,,,,,,,,,,,,,,,,,,,,,,,,,,,,,,,,,,,,,,,,,,,,,,,,,,,,,,,,,,,,,,,,,,,,,,,,,,,,,,,,,,,,,,,,,,,,,,,,,,,,,,,,,,,,,,,,,,,,,,,,,,,,,,,,,,,,,,,,,,,,,,,,,,,,,,,,,,,,,,,,,,,,,,,,,,,,,,,,,,,,,,,,,,,,,,,,,,,,,,,,,,,,,,,,,,,,,,,,,,,,,,,,,,,,,,,,,,,,,,,,,,,,,,,,,,,,,,,,,,,,,,,,,,,,,,,,,,,,,,,,,,,,,,,,,,,,,,,,,,,,,,,,,,,,,,,,,,,,,,,,,,,,,,,,,,,,,,,,,,,,,,,,,,,,,,,,,,,,,,,,,,,,,,,,,,,,,,,,,,,,,,,,,,,,,,,,,,,,,,,,,,,,,,,,,,,,,,,,,,,,,,,,,,,,,,,,,,,,,,,,,,,,,,,,,,,,,,,,,,,,,,,,,,,,,,,,,,,,,,,,,,,,,,,,,,,,,,,,,,,,,,,,,,,,,,,,,,,,,,,,,,,,,,,,,,,,,,,,,,,,,,,,,,,,,,,,,,,,,,,,,,,,,,,,,,,,,,,,,,,,,,,,,,,,,,,,,,,,,,,,,,,,,,,,,,,,,,,,,,,,,,,,,,,,,,,,,,,,,,,,,,,,,,,,,,,,,,,,,,,,,,,,,,,,,,,,,,,,,,,,,,,,,,,,,,,,,,,,,,,,,,,,,,,,,,,,,,,,,,,,,,,,,,,,,,,,,,,,,,,,,,,,,,,,,,,,,,,,,,,,,,,,,,,,,,,,,,,,,,,,,,,,,,,,,,,,,,,,,,,,,,,,,,,,,,,,,,,,,,,,,,,,,,,,,,,,,,,,,,,,,,,,,,,,,,,,,,,,,,,,,,,,,,,,,,,,,,,,,,,,,,,,,,,,,,,,,,,,,,,,,,,,,,,,,,,,,,,,,,,,,,,,,,,,,,,,,,,,,,,,,,,,,,,,,,,,,,,,,,,,,,,,,,,,,,,,,,,,,,,,,,,,,,,,,,,,,,,,,,,,,,,,,,,,,,,,,,,,,,,,,,,,,,,,,,,,,,,,,,,,,,,,,,,,,,,,,,,,,,,,,,,,,,,,,,,,,,,,,,,,,,,,,,,,,,,,,,,,,,,,,,,,,,,,,,,,,,,,,,,,,,,,,,,,,,,,,,,,,,,,,,,,,,,,,,,,,,,,,,,,,,,,,,,,,,,,,,,,,,,,,,,,,,,,,,,,,,,,,,,,,,,,,,,,,,,,,,,,,,,,,,,,,,,,,,,,,,,,,,,,,,,,,,,,,,,,,,,,,,,,,,,,,,,,,,,,,,,,,,,,,,,,,,,,,,,,,,,,,,,,,
syndrome of liver-kidney yin deficiency,9625,80325,95,8728,84830,121536,178,204,50808,26289,122481,158067,221264,8644,210,29880,121642,54784,262,279,51378,287,288,728780,51479,255239,253650,441459,26287,441430,728747,200539,170961,22852,84079,23243,91074,374860,554226,148741,375248,400986,51239,338699,91526,157567,54851,57182,283373,79998,129138,79722,22881,140731,100310846,100131244,441869,100287718,56311,122416,23294,56899,124401,203286,327,54840,55082,8874,51665,136371,140456,142689,79754,142686,142685,92591,401036,51666,140458,140459,140460,140461,140462,432,374569,54829,136991,23300,506,64919,255877,649,121551,689,730,377677,11131,825,388743,830,79092,9607,57524,57513,873,126075,966,971,10658,10669,1106,1113,140578,1137,6320,160364,387837,728276,51267,51266,387836,29121,154790,10143,339390,10332,23601,93978,283420,160365,1192,79827,1272,1301,1307,1308,57642,91522,255631,84570,85301,1284,1285,50509,256076,131873,1297,1298,1299,1325,54504,1379,1382,54544,79174,64478,114784,114788,10664,140690,83992,8454,1621,54876,54165,1642,4921,140881,1739,1740,1741,9231,1777,57628,1841,1856,1783,1959,1961,10919,440275,27436,2012,55740,956,339768,2110,64850,645027,113828,92565,2196,2208,55527,10116,56929,2242,9638,389549,55079,26281,84922,23768,2326,2327,2328,2329,2342,94234,100526835,57818,2553,130589,57704,2730,2657,2672,8328,2738,148979,84662,2760,2783,2784,2790,2791,55970,51764,2785,2787,2788,94235,2793,10457,9248,2880,2882,57476,2891,6011,156,2868,2869,131890,284110,2935,23708,2946,2978,2987,64412,57531,3038,51020,3090,23119,29923,3098,6596,3219,50809,51440,3420,10561,3454,3485,3321,10320,22807,22806,64375,64376,3552,3565,3568,27130,3672,23189,256949,163782,3741,57498,10661,51621,28999,128209,10365,51274,11279,3820,3824,100431172,10219,346689,100506243,55634,3866,3854,3891,353132,3939,3945,3948,5641,4040,4057,260425,9020,4150,4170,130752,4194,2122,9862,80306,57534,8569,79083,4354,4355,4356,58538,143098,29088,54948,63875,9801,55052,29093,51264,11222,64983,64979,64978,4528,4585,55892,7593,84779,51126,122830,138151,4668,8440,4724,4741,4760,84807,4801,51199,284353,55922,4832,4855,1728,2516,441478,53343,4953,8473,10562,4999,130497,23569,79646,50855,84612,84552,29780,23598,7849,94104,5082,81572,157310,5178,5194,5217,375189,5229,5232,51317,26227,55367,5281,123745,5324,5325,5336,5409,55629,23126,10631,100996331,100287399,388468,317754,23784,5450,54776,84988,26051,116729,56980,59336,63978,63977,63976,93166,56978,56979,5553,10394,51052,150696,5629,55119,5683,5696,58155,5786,5805,5875,5876,135250,57786,64080,58517,11317,5967,5968,5068,130120,83998,5973,5978,8625,5994,6018,140801,6135,6141,6144,6147,6154,51121,11224,100529097,6170,6123,6130,285855,6132,6133,6230,51187,6281,57402,6273,6274,9169,8578,284402,59342,27111,55176,23480,54093,84826,653509,729238,9047,30011,50944,10572,387640,8170,153328,81031,154091,11182,29988,140679,10559,153201,285641,120103,219855,124565,151258,55089,145389,55238,146167,153129,146802,9351,4093,65124,6670,6671,389058,80320,221833,100131390,8405,339745,399473,6703,6714,6720,27286,400410,84620,6769,6773,26872,10494,56977,6814,79987,341359,23208,83849,83851,127833,6860,6861,9066,90019,143425,94120,85461,29110,7018,9984,64129,7092,55002,440026,7128,7162,11181,54210,9321,388610,7251,23318,10190,55075,10054,22888,55293,51569,9094,219699,7408,1462,7444,7450,79084,58525,7480,7477,404281,114821,221527,7541,57621,49854,9278,57684,79842,27033,10009,403341,84614,9880,9923,360023,100128927,29068,84878,92999,3104,166793,9925,10773,51341,51043,653121,221504,84240,54503,57623,162239,57677,80108,140612,124961,22835,7539,286128,132625,346171,643836,55734,339559,65243,284406,146198,80829,386607,139735,23414,51663,7543,7546,7547,84107,284307,114026,80317,387032,23660,55888,7745,23613,7556,163227,94039,64397,51427,7771,7691,7692,7693,7695,7697,7561,7699,7702,7705,7710,7711,7712,7564,169841,7565,7727,7728,7566,339318,7738,7743,7567,10168,7568,7755,7757,10520,7760,7761,7762,7764,7570,7638,7673,7766,7767,7768,7770,7571,7773,353355,10780,9310,7776,7572,57209,219749,58500,90987,56242,9534,10172,113835,10127,9422,10795,10793,92822,7576,129025,55609,54816,23528,284349,342909,57335,729288,57336,162979,7551,90075,91975,55900,57343,282890,57693,57567,162967,79692,25799,388569,79673,84449,55713,63925,26152,7581,7582,80778,84905,79175,25850,84671,7584,117608,30832,149076,167465,7587,84911,163087,171017,346157,84124,252884,84307,57541,342908,55628,79797,7592,57862,84330,55786,55659,147687,147686,79744,147923,23090,155054,79088,353088,7594,170959,9668,163059,80818,220929,90594,126070,126068,55311,353274,55663,203523,285676,92283,58499,90333,84627,388566,57573,25888,90827,197407,158399,83744,220992,90649,57474,126069,284443,162968,26048,115560,91392,22847,22869,84450,130557,84874,9658,340385,85460,162655,25925,147807,170958,116115,84503,84436,57711,348327,55205,147658,9745,163255,84215,125919,339327,284306,147694,256051,162972,90233,79818,115196,148254,80032,79230,148156,84527,100529215,147741,147837,163050,147929,84924,163081,374900,148266,126295,148268,51276,137209,126231,64763,284346,79177,84765,147660,163033,51157,51545,147948,147949,201514,199704,92285,54807,100293516,51385,9640,84622,169270,148103,162966,100289635,80095,84775,162963,81856,79898,80110,284370,90317,285267,253639,285268,57547,90589,100529855,199777,89887,23361,57232,121274,84146,9726,127665,65251,22834,115950,79027,7617,285349,389114,144348,63934,79759,79862,93474,79891,79894,641339,171392,342926,168417,340252,148213,91120,127396,57592,146542,115509,7620,57116,79943,90874,374879,7621,90592,55762,440077,100132396,728957,100131980,286075,7562,163051,58491,374655,7552,349075,148206,441234,124411,170960,440519,730087,388523,100287226,654254,728927,100129842,148203,283337,155061,65988,388567,7627,7626,7629,284390,92595,91661,90321,58492,54989,51333,400720,374928,342132,285971,27153,197320,284323,163131,163115,158431,100289678,147808,136051,126208,388507,285989,7633,388536,163049,126375,390927,90576,7634,168850,390980,388558,347344,126017,730051,125893,100529240,55552,152485,374899,128611,90485,162962,116412,7637,284371,283933,284391,91664,162993,342892,285346,54753,344787,643641,100507290,284459,729747,345462,400713,7643,168374,81931,148198,7652,7310,284312,84891,9753,80345,65982,54993,7589,342945,222696,221785,146050,100101467,64288,54925,201516,79149,342933,649137,7746,7789,158586,79364,,,,,,,,,,,,,,,,,,,,,,,,,,,,,,,,,,,,,,,,,,,,,,,,,,,,,,,,,,,,,,,,,,,,,,,,,,,,,,,,,,,,,,,,,,,,,,,,,,,,,,,,,,,,,,,,,,,,,,,,,,,,,,,,,,,,,,,,,,,,,,,,,,,,,,,,,,,,,,,,,,,,,,,,,,,,,,,,,,,,,,,,,,,,,,,,,,,,,,,,,,,,,,,,,,,,,,,,,,,,,,,,,,,,,,,,,,,,,,,,,,,,,,,,,,,,,,,,,,,,,,,,,,,,,,,,,,,,,,,,,,,,,,,,,,,,,,,,,,,,,,,,,,,,,,,,,,,,,,,,,,,,,,,,,,,,,,,,,,,,,,,,,,,,,,,,,,,,,,,,,,,,,,,,,,,,,,,
Kou Gan,283,6311,567,857,899,1235,400916,25978,1131,1610,1639,2043,2066,55612,2255,2263,2261,9896,2521,2733,3123,3178,3663,3930,9782,4744,4750,64127,10133,5216,5444,5445,5446,10891,5630,6335,6647,8878,8148,23435,29110,8626,54209,29978,23025,9217,7415,,,,,,,,,,,,,,,,,,,,,,,,,,,,,,,,,,,,,,,,,,,,,,,,,,,,,,,,,,,,,,,,,,,,,,,,,,,,,,,,,,,,,,,,,,,,,,,,,,,,,,,,,,,,,,,,,,,,,,,,,,,,,,,,,,,,,,,,,,,,,,,,,,,,,,,,,,,,,,,,,,,,,,,,,,,,,,,,,,,,,,,,,,,,,,,,,,,,,,,,,,,,,,,,,,,,,,,,,,,,,,,,,,,,,,,,,,,,,,,,,,,,,,,,,,,,,,,,,,,,,,,,,,,,,,,,,,,,,,,,,,,,,,,,,,,,,,,,,,,,,,,,,,,,,,,,,,,,,,,,,,,,,,,,,,,,,,,,,,,,,,,,,,,,,,,,,,,,,,,,,,,,,,,,,,,,,,,,,,,,,,,,,,,,,,,,,,,,,,,,,,,,,,,,,,,,,,,,,,,,,,,,,,,,,,,,,,,,,,,,,,,,,,,,,,,,,,,,,,,,,,,,,,,,,,,,,,,,,,,,,,,,,,,,,,,,,,,,,,,,,,,,,,,,,,,,,,,,,,,,,,,,,,,,,,,,,,,,,,,,,,,,,,,,,,,,,,,,,,,,,,,,,,,,,,,,,,,,,,,,,,,,,,,,,,,,,,,,,,,,,,,,,,,,,,,,,,,,,,,,,,,,,,,,,,,,,,,,,,,,,,,,,,,,,,,,,,,,,,,,,,,,,,,,,,,,,,,,,,,,,,,,,,,,,,,,,,,,,,,,,,,,,,,,,,,,,,,,,,,,,,,,,,,,,,,,,,,,,,,,,,,,,,,,,,,,,,,,,,,,,,,,,,,,,,,,,,,,,,,,,,,,,,,,,,,,,,,,,,,,,,,,,,,,,,,,,,,,,,,,,,,,,,,,,,,,,,,,,,,,,,,,,,,,,,,,,,,,,,,,,,,,,,,,,,,,,,,,,,,,,,,,,,,,,,,,,,,,,,,,,,,,,,,,,,,,,,,,,,,,,,,,,,,,,,,,,,,,,,,,,,,,,,,,,,,,,,,,,,,,,,,,,,,,,,,,,,,,,,,,,,,,,,,,,,,,,,,,,,,,,,,,,,,,,,,,,,,,,,,,,,,,,,,,,,,,,,,,,,,,,,,,,,,,,,,,,,,,,,,,,,,,,,,,,,,,,,,,,,,,,,,,,,,,,,,,,,,,,,,,,,,,,,,,,,,,,,,,,,,,,,,,,,,,,,,,,,,,,,,,,,,,,,,,,,,,,,,,,,,,,,,,,,,,,,,,,,,,,,,,,,,,,,,,,,,,,,,,,,,,,,,,,,,,,,,,,,,,,,,,,,,,,,,,,,,,,,,,,,,,,,,,,,,,,,,,,,,,,,,,,,,,,,,,,,,,,,,,,,,,,,,,,,,,,,,,,,,,,,,,,,,,,,,,,,,,,,,,,,,,,,,,,,,,,,,,,,,,,,,,,,,,,,,,,,,,,,,,,,,,,,,,,
Chuan Cu,100,7840,421,582,585,841,1041,1080,22802,1312,84701,51164,81704,2068,2312,2812,79977,404672,7290,3423,221037,3977,3981,987,8195,91754,4791,7080,54888,5184,5830,5238,5336,6239,6329,10806,9632,6469,11005,6804,6888,6899,30009,7040,7353,,,,,,,,,,,,,,,,,,,,,,,,,,,,,,,,,,,,,,,,,,,,,,,,,,,,,,,,,,,,,,,,,,,,,,,,,,,,,,,,,,,,,,,,,,,,,,,,,,,,,,,,,,,,,,,,,,,,,,,,,,,,,,,,,,,,,,,,,,,,,,,,,,,,,,,,,,,,,,,,,,,,,,,,,,,,,,,,,,,,,,,,,,,,,,,,,,,,,,,,,,,,,,,,,,,,,,,,,,,,,,,,,,,,,,,,,,,,,,,,,,,,,,,,,,,,,,,,,,,,,,,,,,,,,,,,,,,,,,,,,,,,,,,,,,,,,,,,,,,,,,,,,,,,,,,,,,,,,,,,,,,,,,,,,,,,,,,,,,,,,,,,,,,,,,,,,,,,,,,,,,,,,,,,,,,,,,,,,,,,,,,,,,,,,,,,,,,,,,,,,,,,,,,,,,,,,,,,,,,,,,,,,,,,,,,,,,,,,,,,,,,,,,,,,,,,,,,,,,,,,,,,,,,,,,,,,,,,,,,,,,,,,,,,,,,,,,,,,,,,,,,,,,,,,,,,,,,,,,,,,,,,,,,,,,,,,,,,,,,,,,,,,,,,,,,,,,,,,,,,,,,,,,,,,,,,,,,,,,,,,,,,,,,,,,,,,,,,,,,,,,,,,,,,,,,,,,,,,,,,,,,,,,,,,,,,,,,,,,,,,,,,,,,,,,,,,,,,,,,,,,,,,,,,,,,,,,,,,,,,,,,,,,,,,,,,,,,,,,,,,,,,,,,,,,,,,,,,,,,,,,,,,,,,,,,,,,,,,,,,,,,,,,,,,,,,,,,,,,,,,,,,,,,,,,,,,,,,,,,,,,,,,,,,,,,,,,,,,,,,,,,,,,,,,,,,,,,,,,,,,,,,,,,,,,,,,,,,,,,,,,,,,,,,,,,,,,,,,,,,,,,,,,,,,,,,,,,,,,,,,,,,,,,,,,,,,,,,,,,,,,,,,,,,,,,,,,,,,,,,,,,,,,,,,,,,,,,,,,,,,,,,,,,,,,,,,,,,,,,,,,,,,,,,,,,,,,,,,,,,,,,,,,,,,,,,,,,,,,,,,,,,,,,,,,,,,,,,,,,,,,,,,,,,,,,,,,,,,,,,,,,,,,,,,,,,,,,,,,,,,,,,,,,,,,,,,,,,,,,,,,,,,,,,,,,,,,,,,,,,,,,,,,,,,,,,,,,,,,,,,,,,,,,,,,,,,,,,,,,,,,,,,,,,,,,,,,,,,,,,,,,,,,,,,,,,,,,,,,,,,,,,,,,,,,,,,,,,,,,,,,,,,,,,,,,,,,,,,,,,,,,,,,,,,,,,,,,,,,,,,,,,,,,,,,,,,,,,,,,,,,,,,,,,,,,,,,,,,,,,,,,,,,,,,,,,,,,,,,,,,,,,,,,,,,,,,,,,,,,,,,,,,,,,,,,,,,,,,,,,,,,,,,,,,,,,,,,,,,,,,,,,,,,
She Hong,55788,26191,55630,113235,340024,,,,,,,,,,,,,,,,,,,,,,,,,,,,,,,,,,,,,,,,,,,,,,,,,,,,,,,,,,,,,,,,,,,,,,,,,,,,,,,,,,,,,,,,,,,,,,,,,,,,,,,,,,,,,,,,,,,,,,,,,,,,,,,,,,,,,,,,,,,,,,,,,,,,,,,,,,,,,,,,,,,,,,,,,,,,,,,,,,,,,,,,,,,,,,,,,,,,,,,,,,,,,,,,,,,,,,,,,,,,,,,,,,,,,,,,,,,,,,,,,,,,,,,,,,,,,,,,,,,,,,,,,,,,,,,,,,,,,,,,,,,,,,,,,,,,,,,,,,,,,,,,,,,,,,,,,,,,,,,,,,,,,,,,,,,,,,,,,,,,,,,,,,,,,,,,,,,,,,,,,,,,,,,,,,,,,,,,,,,,,,,,,,,,,,,,,,,,,,,,,,,,,,,,,,,,,,,,,,,,,,,,,,,,,,,,,,,,,,,,,,,,,,,,,,,,,,,,,,,,,,,,,,,,,,,,,,,,,,,,,,,,,,,,,,,,,,,,,,,,,,,,,,,,,,,,,,,,,,,,,,,,,,,,,,,,,,,,,,,,,,,,,,,,,,,,,,,,,,,,,,,,,,,,,,,,,,,,,,,,,,,,,,,,,,,,,,,,,,,,,,,,,,,,,,,,,,,,,,,,,,,,,,,,,,,,,,,,,,,,,,,,,,,,,,,,,,,,,,,,,,,,,,,,,,,,,,,,,,,,,,,,,,,,,,,,,,,,,,,,,,,,,,,,,,,,,,,,,,,,,,,,,,,,,,,,,,,,,,,,,,,,,,,,,,,,,,,,,,,,,,,,,,,,,,,,,,,,,,,,,,,,,,,,,,,,,,,,,,,,,,,,,,,,,,,,,,,,,,,,,,,,,,,,,,,,,,,,,,,,,,,,,,,,,,,,,,,,,,,,,,,,,,,,,,,,,,,,,,,,,,,,,,,,,,,,,,,,,,,,,,,,,,,,,,,,,,,,,,,,,,,,,,,,,,,,,,,,,,,,,,,,,,,,,,,,,,,,,,,,,,,,,,,,,,,,,,,,,,,,,,,,,,,,,,,,,,,,,,,,,,,,,,,,,,,,,,,,,,,,,,,,,,,,,,,,,,,,,,,,,,,,,,,,,,,,,,,,,,,,,,,,,,,,,,,,,,,,,,,,,,,,,,,,,,,,,,,,,,,,,,,,,,,,,,,,,,,,,,,,,,,,,,,,,,,,,,,,,,,,,,,,,,,,,,,,,,,,,,,,,,,,,,,,,,,,,,,,,,,,,,,,,,,,,,,,,,,,,,,,,,,,,,,,,,,,,,,,,,,,,,,,,,,,,,,,,,,,,,,,,,,,,,,,,,,,,,,,,,,,,,,,,,,,,,,,,,,,,,,,,,,,,,,,,,,,,,,,,,,,,,,,,,,,,,,,,,,,,,,,,,,,,,,,,,,,,,,,,,,,,,,,,,,,,,,,,,,,,,,,,,,,,,,,,,,,,,,,,,,,,,,,,,,,,,,,,,,,,,,,,,,,,,,
Na Dai,25,613,5095,5096,861,115286,6514,55630,7040,,,,,,,,,,,,,,,,,,,,,,,,,,,,,,,,,,,,,,,,,,,,,,,,,,,,,,,,,,,,,,,,,,,,,,,,,,,,,,,,,,,,,,,,,,,,,,,,,,,,,,,,,,,,,,,,,,,,,,,,,,,,,,,,,,,,,,,,,,,,,,,,,,,,,,,,,,,,,,,,,,,,,,,,,,,,,,,,,,,,,,,,,,,,,,,,,,,,,,,,,,,,,,,,,,,,,,,,,,,,,,,,,,,,,,,,,,,,,,,,,,,,,,,,,,,,,,,,,,,,,,,,,,,,,,,,,,,,,,,,,,,,,,,,,,,,,,,,,,,,,,,,,,,,,,,,,,,,,,,,,,,,,,,,,,,,,,,,,,,,,,,,,,,,,,,,,,,,,,,,,,,,,,,,,,,,,,,,,,,,,,,,,,,,,,,,,,,,,,,,,,,,,,,,,,,,,,,,,,,,,,,,,,,,,,,,,,,,,,,,,,,,,,,,,,,,,,,,,,,,,,,,,,,,,,,,,,,,,,,,,,,,,,,,,,,,,,,,,,,,,,,,,,,,,,,,,,,,,,,,,,,,,,,,,,,,,,,,,,,,,,,,,,,,,,,,,,,,,,,,,,,,,,,,,,,,,,,,,,,,,,,,,,,,,,,,,,,,,,,,,,,,,,,,,,,,,,,,,,,,,,,,,,,,,,,,,,,,,,,,,,,,,,,,,,,,,,,,,,,,,,,,,,,,,,,,,,,,,,,,,,,,,,,,,,,,,,,,,,,,,,,,,,,,,,,,,,,,,,,,,,,,,,,,,,,,,,,,,,,,,,,,,,,,,,,,,,,,,,,,,,,,,,,,,,,,,,,,,,,,,,,,,,,,,,,,,,,,,,,,,,,,,,,,,,,,,,,,,,,,,,,,,,,,,,,,,,,,,,,,,,,,,,,,,,,,,,,,,,,,,,,,,,,,,,,,,,,,,,,,,,,,,,,,,,,,,,,,,,,,,,,,,,,,,,,,,,,,,,,,,,,,,,,,,,,,,,,,,,,,,,,,,,,,,,,,,,,,,,,,,,,,,,,,,,,,,,,,,,,,,,,,,,,,,,,,,,,,,,,,,,,,,,,,,,,,,,,,,,,,,,,,,,,,,,,,,,,,,,,,,,,,,,,,,,,,,,,,,,,,,,,,,,,,,,,,,,,,,,,,,,,,,,,,,,,,,,,,,,,,,,,,,,,,,,,,,,,,,,,,,,,,,,,,,,,,,,,,,,,,,,,,,,,,,,,,,,,,,,,,,,,,,,,,,,,,,,,,,,,,,,,,,,,,,,,,,,,,,,,,,,,,,,,,,,,,,,,,,,,,,,,,,,,,,,,,,,,,,,,,,,,,,,,,,,,,,,,,,,,,,,,,,,,,,,,,,,,,,,,,,,,,,,,,,,,,,,,,,,,,,,,,,,,,,,,,,,,,,,,,,,,,,,,,,,,,,,,,,,,,,,,,,,,,,,,,,,,,,,,,,,,,,,,,,,,,,,,,,,,,,,,,,,,,,,,,,,,,,,,,,,,
Shui Zhong Gu Zhang,71,6868,174,207,213,324,335,598,332,796,836,841,595,960,999,1019,1026,1027,1029,22802,79934,1499,3576,1571,10395,51626,1956,4072,2121,2147,2184,356,2247,2260,2752,2778,2719,2932,2944,2950,283120,3082,3091,3117,3119,6927,3265,3383,3417,3418,55764,3480,3481,3592,3594,3569,3716,3725,10984,3791,9786,3845,5604,5594,5595,5599,2122,4233,4313,4318,2475,4609,4618,4645,4750,1728,8431,9971,4893,4967,5290,5728,5743,5800,5894,11186,5925,6256,6514,2542,6528,6550,4087,4088,4089,6689,83932,8878,10011,6774,6775,6804,26123,7015,7039,7040,7046,7048,7157,201294,7422,137492,57539,55135,7503,10413,581,1233,4780,6319,6198,8743,6932,10855,196528,7832,947,983,63928,53942,84699,79039,23404,9965,2305,10468,2678,2897,3083,84263,3439,10644,3697,84063,9757,3880,3855,51776,406983,406991,10797,57509,23089,5207,5315,5716,83758,8986,5267,6317,9057,8773,90627,23213,7027,22974,164395,9816,114990,7571,307,440465,147381,1002,3080,57291,442192,10328,83481,574044,2086,619465,554188,55785,100126270,109461475,55303,165829,442245,8129,7974,25998,653163,339290,100505576,400027,100507254,101927149,10141,400839,111082988,149998,105369752,105374174,105375536,106020712,107303339,8785,114044,54842,8249,100302138,100302258,406957,406959,406974,406993,407016,407031,100422972,442902,442903,407041,100500882,100423031,23041,10933,79906,103752554,9348,105416157,140767,348995,100302515,100359403,728233,153478,10279,26024,10268,171157,54847,10991,404714,780851,347686,54212,100750329,55314,7146,56886,373509,246319,391104,100132169,664701,,,,,,,,,,,,,,,,,,,,,,,,,,,,,,,,,,,,,,,,,,,,,,,,,,,,,,,,,,,,,,,,,,,,,,,,,,,,,,,,,,,,,,,,,,,,,,,,,,,,,,,,,,,,,,,,,,,,,,,,,,,,,,,,,,,,,,,,,,,,,,,,,,,,,,,,,,,,,,,,,,,,,,,,,,,,,,,,,,,,,,,,,,,,,,,,,,,,,,,,,,,,,,,,,,,,,,,,,,,,,,,,,,,,,,,,,,,,,,,,,,,,,,,,,,,,,,,,,,,,,,,,,,,,,,,,,,,,,,,,,,,,,,,,,,,,,,,,,,,,,,,,,,,,,,,,,,,,,,,,,,,,,,,,,,,,,,,,,,,,,,,,,,,,,,,,,,,,,,,,,,,,,,,,,,,,,,,,,,,,,,,,,,,,,,,,,,,,,,,,,,,,,,,,,,,,,,,,,,,,,,,,,,,,,,,,,,,,,,,,,,,,,,,,,,,,,,,,,,,,,,,,,,,,,,,,,,,,,,,,,,,,,,,,,,,,,,,,,,,,,,,,,,,,,,,,,,,,,,,,,,,,,,,,,,,,,,,,,,,,,,,,,,,,,,,,,,,,,,,,,,,,,,,,,,,,,,,,,,,,,,,,,,,,,,,,,,,,,,,,,,,,,,,,,,,,,,,,,,,,,,,,,,,,,,,,,,,,,,,,,,,,,,,,,,,,,,,,,,,,,,,,,,,,,,,,,,,,,,,,,,,,,,,,,,,,,,,,,,,,,,,,,,,,,,,,,,,,,,,,,,,,,,,,,,,,,,,,,,,,,,,,,,,,,,,,,,,,,,,,,,,,,,,,,,,,,,,,,,,,,,,,,,,,,,,,,,,,,,,,,,,,,,,,,,,,,,,,,,,,,,,,,,,,,,,,,,,,,,,,,,,,,,,,,,,,,,,,,,,,,,,,,,,,,,,,,,,,,,,,,,,,,,,,,,,,,,,,,,,,,,,,,,,,,,,,,,,,,,,,,,,,,,,,,,,,,,,,,,,,,,,,,,,,,,,,,,,,,,,,,,,,,,,,,,,,,,,,,,,,,,,,,,,,,,,,,,,,,,,,,,,,,,,,,,,,,,,,,,,,,,,,,,,,,,,,,,,,,,,,,,,,,,,,,,,,,,,,,,,,,,,,,,,,,,,,,,,,,,,,,,,,,,,,,,,,,,,,,,,,,,,,,,,,,,,,,,,,,,,,,,,,,,,,,,,,,,,,,,,,,,,,,,,,,,,,,,,,
Xing Ti Xiao Shou,660,54799,5252,79915,138948,777778,,,,,,,,,,,,,,,,,,,,,,,,,,,,,,,,,,,,,,,,,,,,,,,,,,,,,,,,,,,,,,,,,,,,,,,,,,,,,,,,,,,,,,,,,,,,,,,,,,,,,,,,,,,,,,,,,,,,,,,,,,,,,,,,,,,,,,,,,,,,,,,,,,,,,,,,,,,,,,,,,,,,,,,,,,,,,,,,,,,,,,,,,,,,,,,,,,,,,,,,,,,,,,,,,,,,,,,,,,,,,,,,,,,,,,,,,,,,,,,,,,,,,,,,,,,,,,,,,,,,,,,,,,,,,,,,,,,,,,,,,,,,,,,,,,,,,,,,,,,,,,,,,,,,,,,,,,,,,,,,,,,,,,,,,,,,,,,,,,,,,,,,,,,,,,,,,,,,,,,,,,,,,,,,,,,,,,,,,,,,,,,,,,,,,,,,,,,,,,,,,,,,,,,,,,,,,,,,,,,,,,,,,,,,,,,,,,,,,,,,,,,,,,,,,,,,,,,,,,,,,,,,,,,,,,,,,,,,,,,,,,,,,,,,,,,,,,,,,,,,,,,,,,,,,,,,,,,,,,,,,,,,,,,,,,,,,,,,,,,,,,,,,,,,,,,,,,,,,,,,,,,,,,,,,,,,,,,,,,,,,,,,,,,,,,,,,,,,,,,,,,,,,,,,,,,,,,,,,,,,,,,,,,,,,,,,,,,,,,,,,,,,,,,,,,,,,,,,,,,,,,,,,,,,,,,,,,,,,,,,,,,,,,,,,,,,,,,,,,,,,,,,,,,,,,,,,,,,,,,,,,,,,,,,,,,,,,,,,,,,,,,,,,,,,,,,,,,,,,,,,,,,,,,,,,,,,,,,,,,,,,,,,,,,,,,,,,,,,,,,,,,,,,,,,,,,,,,,,,,,,,,,,,,,,,,,,,,,,,,,,,,,,,,,,,,,,,,,,,,,,,,,,,,,,,,,,,,,,,,,,,,,,,,,,,,,,,,,,,,,,,,,,,,,,,,,,,,,,,,,,,,,,,,,,,,,,,,,,,,,,,,,,,,,,,,,,,,,,,,,,,,,,,,,,,,,,,,,,,,,,,,,,,,,,,,,,,,,,,,,,,,,,,,,,,,,,,,,,,,,,,,,,,,,,,,,,,,,,,,,,,,,,,,,,,,,,,,,,,,,,,,,,,,,,,,,,,,,,,,,,,,,,,,,,,,,,,,,,,,,,,,,,,,,,,,,,,,,,,,,,,,,,,,,,,,,,,,,,,,,,,,,,,,,,,,,,,,,,,,,,,,,,,,,,,,,,,,,,,,,,,,,,,,,,,,,,,,,,,,,,,,,,,,,,,,,,,,,,,,,,,,,,,,,,,,,,,,,,,,,,,,,,,,,,,,,,,,,,,,,,,,,,,,,,,,,,,,,,,,,,,,,,,,,,,,,,,,,,,,,,,,,,,,,,,,,,,,,,,,,,,,,,,,,,,,,,,,,,,,,,,,,,,,,,,,,,,,,,,,,,,,,,,,,,,,,,,,,,,,,,,,,,,,,,,,,,,,,,,,,,,,,,,
